id,Date,Confirmed,Recovered,Deaths,Increase rate
045c2f48-0d8d-4e53-9eed-982ba890b18f,2020-01-22,557,30,17,
2c0012a3-2a7d-4cbb-93f4-61bdbc347e4d,2020-01-23,657,32,18,17.953321364452425
9b130151-58c4-466b-97fb-f00a3145c820,2020-01-24,944,39,26,43.68340943683409
797687d2-e84d-423d-9626-f032945f2076,2020-01-25,1437,42,42,52.22457627118644
723ab17b-269a-4774-a08e-c54b82353d9d,2020-01-26,2120,56,56,47.529575504523315
0b821965-6674-48f2-a62a-3e03c30020ca,2020-01-27,2929,65,82,38.160377358490564
2d7977b4-69e1-4e2b-b2f1-b22904111780,2020-01-28,5580,108,131,90.5087060430181
81fb0448-3c09-4d70-af21-83d8de28226e,2020-01-29,6169,127,133,10.555555555555555
47b7bb4a-581e-4683-9bc5-778adcef631d,2020-01-30,8237,145,171,33.52245096449992
5c5a5101-9d2a-4122-aef1-47a6dfe100d3,2020-01-31,9927,225,213,20.51717858443608
94fee69d-95e4-4086-b049-55e2d0a97735,2020-02-01,12038,287,259,21.2652362244384
4ca6ebb7-e827-4b65-ad6e-1fc2e141be6b,2020-02-02,16787,476,362,39.45007476324971
1e365018-16cf-4aad-b8f2-450fae707ffe,2020-02-03,19887,627,426,18.466670637993683
42f472cc-ed2f-4b78-9526-ea3f767a1625,2020-02-04,23899,857,492,20.173983003972445
a00c0e7e-eafd-4b7b-b22f-a6bf8d846685,2020-02-05,27644,1130,564,15.670111720155655
af3871cd-d0ed-412a-b452-c789ba77b6d1,2020-02-06,30806,1493,634,11.438286789176674
9ef0ae75-a3f7-4ea8-9161-88f5a4237639,2020-02-07,34400,2016,719,11.666558462637148
e11fbf01-7325-4f03-ab91-2712f2ca192b,2020-02-08,37131,2617,806,7.938953488372093
e4129f21-93ad-4b0c-831b-39b152e88b6c,2020-02-09,40162,3247,906,8.162990493118958
0cafb5ea-c01e-4e5e-818f-dea3ffffcb7c,2020-02-10,42771,3949,1013,6.496190428763509
3e0f4681-5ba6-45a8-b23b-3ee79fc07c81,2020-02-11,44814,4684,1113,4.77660096794557
ac086789-dd3e-4907-92c6-d2a4d34f7748,2020-02-12,45232,5151,1118,0.9327442317133039
b446f062-800c-4bd1-80a8-7b5697158929,2020-02-13,60384,6294,1371,33.49840820657941
e776f17d-4fae-447f-9124-f2d2c3c7a99d,2020-02-14,66912,8061,1523,10.81081081081081
51aa4b34-5cae-4241-adfb-6eaa5d2c34ba,2020-02-15,69055,9397,1666,3.202714012434242
e7dee632-0d39-4ae9-bf61-0de448a203a9,2020-02-16,71238,10867,1770,3.1612482803562383
f248abb7-618c-4617-9a13-53cd851ec5df,2020-02-17,73273,12587,1868,2.856621466071479
21ad4962-0d2c-4cb8-a324-4f5cd7b636b3,2020-02-18,75155,14352,2008,2.568476792270004
7d8825a3-7144-46cf-9bd7-26c9cf6238f6,2020-02-19,75655,16123,2123,0.6652917304237909
e8bd0b2a-3b61-4604-bad4-ea0e2c95d6df,2020-02-20,76216,18181,2248,0.7415240235278567
a0bb6e29-30e9-40fa-8b70-059e967a9986,2020-02-21,76846,18894,2252,0.8265980896399705
1d29603a-067e-45df-a97d-3b1175a179af,2020-02-22,78608,22892,2459,2.292897483278245
f05bc21c-7b38-4050-b8ba-5aa1083a4907,2020-02-23,78990,23397,2470,0.4859556279259108
2be4b47a-f99b-4631-99ff-59b76d5d38aa,2020-02-24,79558,25229,2630,0.7190783643499177
48d143f8-4423-4110-a707-f2ac27abb11b,2020-02-25,80412,27907,2710,1.0734307046431535
234f2be6-a660-4969-8e72-0faf2697e9ee,2020-02-26,81385,30388,2771,1.2100184052131524
077c588f-8e23-40e5-930a-6f679c484cf8,2020-02-27,82730,33282,2814,1.6526386926337777
6e9bf8ca-3c73-465a-94d9-8346eead5557,2020-02-28,84154,36714,2873,1.7212619364196786
d0459fa1-6c23-44e8-b29e-87e3e2e140cd,2020-02-29,86030,39785,2943,2.2292463816336716
e0e00c21-5aa8-4ad9-ba1d-b91414d0d824,2020-03-01,88410,42721,2997,2.7664768104149715
63e5736e-85fe-4e35-b6fd-0fe244469fcf,2020-03-02,90393,45605,3086,2.2429589412962336
38a2a54c-8bb4-4d0a-9238-30f5a1fb26c5,2020-03-03,93004,48227,3160,2.8884980031639618
aed02f31-3d73-4169-94cd-0c5f8cf03b32,2020-03-04,95329,51170,3255,2.499892477742893
baec75b5-3c4e-412a-bb8f-37ce53a7feb4,2020-03-05,98046,53796,3348,2.850129551343243
6d568ba0-7a71-41c6-86ec-9b08a629b647,2020-03-06,101976,55864,3461,4.008322624074414
bef0c7ec-83ab-4e45-a51b-8c58498a8886,2020-03-07,106122,58358,3566,4.065662508825605
c41b8ad0-fa07-48d3-b6d3-7b5ad3cc79c3,2020-03-08,109972,60695,3807,3.6278999641921565
0344ad95-f1ae-470c-90b5-aa1129fdf409,2020-03-09,114299,62495,3997,3.9346379078310845
578503c6-69c2-4e51-a988-6dd58f5f079d,2020-03-10,119108,64402,4273,4.207385891390126
0017a2ce-59f0-4560-a2e0-90a6b7cf2bc3,2020-03-11,126628,66999,4618,6.313597743224636
88cb6e2f-65ee-4c5d-8388-e061881eea4a,2020-03-12,133383,68328,4930,5.334523170230913
01ddf3ae-6429-4758-88c4-aace55a5bef1,2020-03-13,146673,70255,5420,9.963788488787927
62d1cef2-f580-426e-9078-eda79caa9bd4,2020-03-14,157617,72622,5843,7.461495980855372
9bf63ec9-f962-411a-bdca-97c668bb2341,2020-03-15,168876,76031,6496,7.143265003140524
1729cbb3-1ff7-4343-a27f-a3ad5d6c1ea8,2020-03-16,183394,78086,7178,8.59684028517966
d9f4b333-4158-490a-b003-098e7c6a9625,2020-03-17,198691,80830,7989,8.341058049881674
6c63bb67-f284-49a7-bfd3-89e32ef5bc6e,2020-03-18,216348,83317,8907,8.886663210714124
db79a1b1-4515-41a8-b035-3cfec2470702,2020-03-19,243464,84958,10017,12.533510825152069
407ba0a7-3eb3-4bf7-817e-818a2f6cdad6,2020-03-20,273008,87403,11504,12.134853612854467
b9f0135d-c923-44d7-b60d-88e85d2ead0e,2020-03-21,305423,91650,13233,11.873278438727072
293bf2b7-f375-49ca-ae79-18feb8f0c22d,2020-03-22,339895,97867,14919,11.28664180497212
e181335f-f14f-427e-ae84-cd8ea9ff634d,2020-03-23,382799,98355,16886,12.622721722885007
686053a7-a727-4cf7-8151-dd3a5d0200dc,2020-03-24,424883,107974,19201,10.993759126852472
e641f19c-1278-4f10-80ea-c7d3a74f4715,2020-03-25,475998,113753,22022,12.03037071382004
2453352b-5e59-4a6b-8f98-5a763b4b4d5f,2020-03-26,537412,122125,25058,12.902155051071643
628ac143-2827-46f6-a85b-4fa092bf89d1,2020-03-27,601349,130910,28538,11.89720363519981
2b124106-149e-4df6-8f40-fd633fee64c2,2020-03-28,670495,139421,32374,11.498480915408523
712c5636-03b7-44ee-bebe-30fe02bc83df,2020-03-29,726726,148877,35838,8.386490577856657
f37689af-5166-465f-b0cd-97411e1d0980,2020-03-30,791975,164213,39895,8.978487077660631
a0ad2822-c206-44fd-bb36-8c62f83aa43e,2020-03-31,870403,177803,44661,9.902837842103601
2b2fb775-0c11-4720-9092-b33f4fdf5ee8,2020-04-01,951968,193075,50714,9.37094656153529
8f059666-fae8-4f15-9f9e-22b71d589c29,2020-04-02,1034275,210218,56593,8.645983898618441
b3b84f6f-9d62-4077-bc92-88859a0adb31,2020-04-03,1118277,225640,62818,8.12182446641367
51b23ce8-c122-4ced-913c-30871b9b69f1,2020-04-04,1178363,246052,68781,5.373087347768039
dbb5895d-395e-4eaa-bb2f-95eaa1b3b036,2020-04-05,1250388,259888,74091,6.112293070980674
7f5644c9-3270-4c92-b861-47e74d984f19,2020-04-06,1324899,276597,79957,5.959030316989606
278e49e3-bd65-41cb-ba79-10a414bc44cd,2020-04-07,1393878,299859,88306,5.20635912624283
10cb3649-46fa-41fd-94a3-ba8aa58e4f10,2020-04-08,1475875,328741,95132,5.882652570741485
44e9f1a4-47cd-45dd-8eee-a872bed58f7e,2020-04-09,1562641,353995,103003,5.878953163377657
c6e5f7dc-c502-4914-8a7e-56cc63f689df,2020-04-10,1649186,375733,110565,5.538380216569257
9ae24c02-86b6-4a19-b1bd-5dc22cd92233,2020-04-11,1724605,401983,117084,4.5731045497597
91ef562b-5dd8-44ff-bef2-1a4d28fa9dfb,2020-04-12,1843412,421366,122922,6.888939786211916
84bc9ab6-8e59-42ce-b00f-469d7ea98c86,2020-04-13,1915034,448623,128975,3.8852953110861814
025c47c2-1b2b-40ed-ac4c-d91a78d1e06a,2020-04-14,1999558,473697,136189,4.413707537307432
3d4edb80-6c48-4ac1-9a41-fa0cef15a99a,2020-04-15,2077371,510236,144551,3.891510023715241
6524f623-fc89-4486-80e0-4d12ab6c9b7d,2020-04-16,2171785,541119,152026,4.5448790803376005
29665063-0ab1-4b5a-80c6-a9ad82f9eb4f,2020-04-17,2259607,567303,160597,4.043770446890461
c91eb0e8-bbd5-4db1-891b-c3b2b092ca7d,2020-04-18,2337796,591169,166983,3.460291988828146
91e508a1-2bf3-443e-87e4-2f98aae2887c,2020-04-19,2414457,622952,172419,3.279199724869065
0551c3ae-0385-410f-8706-c701bb192d4d,2020-04-20,2490365,645130,178322,3.143895294055765
07030720-6a87-4c8f-9c30-88b2cf220e2b,2020-04-21,2566638,679932,185709,3.062723737283491
4eb47db9-76fd-4390-8ea0-ab479dbb8dd7,2020-04-22,2648575,710017,192772,3.1923863045743106
8be5e0be-0649-4a5a-837e-be1a23625a05,2020-04-23,2731191,738747,199676,3.1192622447920106
73262a4e-7d79-4f53-adf5-729c8f40f91a,2020-04-24,2815227,788776,206617,3.0768994186052896
6e1acd01-609d-48e0-8791-1ea69e524673,2020-04-25,2898734,816531,212567,2.9662616904427246
3b28c5f8-31c4-4e9d-a1aa-66040421c1fe,2020-04-26,2969606,845343,216860,2.4449294071135883
1ee03d6f-bd50-4d98-b873-9ca91eb2281e,2020-04-27,3040528,873227,221730,2.388262954748879
7c14795f-afed-4afd-9453-2af20cf6c411,2020-04-28,3116384,906439,228524,2.4948298453426507
1434b39d-da5b-4949-88c7-8726263839ec,2020-04-29,3193728,948516,235484,2.481850760368427
7917e399-720e-421e-8319-3b86e5881b4b,2020-04-30,3277569,1013632,241546,2.6251765961284117
cdf9c7f8-ab09-4d0a-bd00-7771950cd1bd,2020-05-01,3366610,1051789,247086,2.7166781233286015
9fe80153-49c8-4821-9e08-48403f6dfad8,2020-05-02,3444964,1092440,252954,2.327385708472321
ab026ab7-1403-4f60-a28a-96231280d838,2020-05-03,3519125,1124973,256815,2.152736574315435
4510a81e-0d9d-496b-a7b2-67ffe861d6d4,2020-05-04,3596510,1159059,261181,2.198984122473626
c51a4da1-2c3b-4490-8aa4-aafff686790e,2020-05-05,3676149,1195532,267419,2.2143411251463223
e840357d-9859-4837-abd3-d589c5e46332,2020-05-06,3766683,1241651,274166,2.462740220812595
0b24e05a-51c8-4ffb-9f60-66c4b70d0d1f,2020-05-07,3855364,1281176,279841,2.3543526227187157
3b893961-803b-4759-aefd-e3efc147b097,2020-05-08,3945797,1317589,285765,2.3456410341539735
896d0c30-d397-4cd5-9b31-aab58d88b3fa,2020-05-09,4030371,1371030,290382,2.143394604436062
b2e03c3b-d9ab-4c7f-b8eb-ac4b6c69fb8a,2020-05-10,4105624,1404839,294434,1.8671482104252932
e0420b9c-85a8-468b-8317-01c6a1e03882,2020-05-11,4181600,1451724,298258,1.8505347786353548
e3d79e6d-ba59-48aa-893a-9922b018551c,2020-05-12,4266957,1488766,304137,2.0412521522862064
fde3c054-075c-44de-b937-05be1d99f228,2020-05-13,4351290,1544638,309590,1.9764201982818201
4b7a8a0c-47e0-4940-a7b9-820cbb828156,2020-05-14,4446959,1584349,315235,2.198635347218871
ece7a821-d11e-44ec-a0e6-3b4a4b489a6a,2020-05-15,4543310,1632452,320957,2.1666716513464594
e0c429dc-09fe-4215-a446-0b41f9f54e0d,2020-05-16,4637421,1688863,325507,2.0714192956236754
752851fa-1975-485a-9701-f841e0f04276,2020-05-17,4715829,1729871,329094,1.6907673467645057
98215101-9dfa-45de-ae47-c2a3ca76caa3,2020-05-18,4804897,1782787,333226,1.8887029194654854
35bafd45-c42f-442a-b65f-d29f1ab43fe2,2020-05-19,4900710,1834839,338357,1.9940698000394181
81bbd66f-dc12-439a-a3b7-8b0f308aa6ba,2020-05-20,5006099,1893809,343748,2.1504843175784734
3b61eb0e-8813-4ac8-b282-c60fc007de9f,2020-05-21,5111870,1945029,348701,2.112842754408173
6149e7f8-cec4-4cc6-a430-f11cbd8dd2a9,2020-05-22,5219114,2053576,354391,2.097940675330163
b501d8fb-6bd1-40e8-a601-3147c1074abc,2020-05-23,5323547,2108410,358772,2.000971812457057
6d5cda05-a8dd-4a3e-887d-a2d055d91e17,2020-05-24,5416801,2163937,362256,1.7517268092119782
21deea7e-0d8a-4f7d-bd98-a453ca13947c,2020-05-25,5504948,2227666,363762,1.6272888740051554
9b7579a1-23c7-40b8-9f86-ef32a289d7fc,2020-05-26,5597804,2282818,368384,1.6867734263793228
22e1a4b6-730a-4556-9685-36ec3602e85b,2020-05-27,5700330,2346145,373744,1.8315396537642261
49fcdb2d-7757-4866-a2e2-fc6b1267e0ea,2020-05-28,5819995,2413008,378794,2.0992644285506277
b476f6f0-1324-461e-8586-ef58217fab2b,2020-05-29,5941625,2490273,383955,2.0898643383714246
3dbbec89-7bee-43dd-8231-7988953e5a67,2020-05-30,6077041,2560723,388246,2.2791071466139314
ad09b787-149d-46a2-adfd-d391dc029a31,2020-05-31,6180061,2637107,391387,1.6952329266825747
5a33c119-d459-414e-8949-a4ecf52b88f7,2020-06-01,6280296,2692032,395023,1.6219095572034
2154aeac-a52e-42a3-939f-c33f033b7a7d,2020-06-02,6403453,2796144,400307,1.9610062965185078
4adbe443-cebc-4b9c-80ec-e350a6481da1,2020-06-03,6514705,2875235,405976,1.7373751318234085
fc9e4608-4f1f-4292-9390-241177ee6926,2020-06-04,6652817,2945305,411408,2.1200038988718597
eac20154-8c88-415c-b39b-f91412cded19,2020-06-05,6786463,3014470,416538,2.0088633130897784
a70d16d7-76d5-4ce4-a3fc-0da273d995db,2020-06-06,6915945,3086674,420638,1.907945272817372
ff9675d0-efce-41e6-a762-f1f22896e61a,2020-06-07,7026914,3141783,423764,1.6045384976311985
185386a5-d069-4ec5-bd95-eb624bf4b1b5,2020-06-08,7129985,3293394,428095,1.4668032083500666
bf84174c-84fa-46a1-89bd-7b8163fb5673,2020-06-09,7256297,3375664,433202,1.7715605292297247
e487184a-1b53-4e39-b4b1-859566ff87b4,2020-06-10,7393421,3454835,438638,1.8897241940345053
1369da59-b307-4df8-843e-5079ddb7fc8b,2020-06-11,7529261,3540714,443725,1.8373091428176482
6ba666c7-7c2e-469f-b9f3-8d21e184500c,2020-06-12,7656733,3620434,448457,1.6930214001081911
3729a3ee-5012-4252-bcfd-bd8b3c7e5c36,2020-06-13,7790659,3706326,452864,1.7491272060812362
b196bc57-fcec-43c3-8096-f20419fa3c6a,2020-06-14,7922545,3777145,456522,1.6928734783540134
3356bce9-20ea-493b-9dbe-2b9f4ed27eb5,2020-06-15,8047366,3857420,460508,1.5755164533618933
e20747c7-8684-4e05-a4a6-2567935e6feb,2020-06-16,8191583,3955283,467638,1.7921019126009679
cde4767f-4417-4414-8144-2437b86dfa98,2020-06-17,8334714,4074114,473117,1.7472935328861345
15c5a806-4807-4282-b75b-d7bb77fb8c5d,2020-06-18,8477437,4155277,478443,1.712392290845253
524cdb72-a306-43c0-9406-58751dfaf0c0,2020-06-19,8658514,4250267,484794,2.1359875632222334
a331664a-efc6-4412-aa3d-7e76c60db94d,2020-06-20,8844374,4366121,489232,2.1465577118660315
cf6dcf22-f6bd-4799-90f7-b7bd9be5ab32,2020-06-21,8937379,4434807,493820,1.0515724459413407
64d8df8f-5fbc-4999-ba2f-3a28711885b7,2020-06-22,9079532,4526440,497614,1.5905446104501106
79dc2a0f-43f5-4db6-bba6-fd1696a49b78,2020-06-23,9247902,4630495,503191,1.8543907329144276
446e5379-00fa-4858-9ea0-3f8778afa744,2020-06-24,9419320,4746246,508663,1.8535879813605292
cf8a2c76-3757-49fa-aab9-17ae57d6da97,2020-06-25,9598762,4839130,513746,1.9050419775525198
46afc114-67e9-400c-aea6-10aabdabd32b,2020-06-26,9791221,4945110,518822,2.005039816593015
28e05646-ca20-4563-b809-9448a00757b9,2020-06-27,9967566,5051396,523516,1.8010521874646686
25d9baea-3804-4145-b899-f77dd371fc6d,2020-06-28,10136032,5140599,527091,1.6901418059333644
2577239b-1a26-4832-a45e-3aabb76d1a91,2020-06-29,10288517,5235170,531108,1.5043855425870793
c349f35c-63e4-4bed-9944-1afc221d5154,2020-06-30,10472385,5352510,536343,1.7871185905607194
30b9f220-f709-483d-907d-d29154d7138d,2020-07-01,10687359,5468424,541720,2.052770214234866
12c5f3c9-eda8-48b0-8c5a-7b1be23dd19f,2020-07-02,10891991,5753358,547195,1.9147106408608525
c6a93338-5870-4d48-9c35-83cc4c8ef59b,2020-07-03,11094487,5863246,552434,1.8591275001971632
4368634a-691c-419f-8287-6cd78fac1f34,2020-07-04,11284154,6059006,557196,1.7095607935725194
66576c3a-cd98-479c-bdef-297524313e64,2020-07-05,11470135,6178369,560995,1.6481607748352247
75dad78d-f6b4-497f-907e-06fe1578bb03,2020-07-06,11637923,6302068,565214,1.462824979828049
041f4601-7aa3-475d-a384-3bd658cee8db,2020-07-07,11847615,6447101,571595,1.801799169834686
fb5fcff2-21e3-421a-85b2-7cbbb3ecfe08,2020-07-08,12062729,6605157,577225,1.8156734498884375
e467d150-9411-4ae5-bb2a-cd703c56411b,2020-07-09,12286931,6739775,583029,1.8586341448937467
5fb16ec3-0482-4b99-ab87-11d2700f5362,2020-07-10,12520121,6879221,588771,1.8978701841818757
2f1a4ee1-9e2b-4d35-8463-feee5d832793,2020-07-11,12732941,7004913,593874,1.6998238275812192
29898dd7-0270-4886-b203-3e0464b31992,2020-07-12,12925796,7116749,598161,1.5146147304067457
c864cde3-c3a9-4eb0-a6b8-f452cda16864,2020-07-13,13119978,7257072,602539,1.5022827220853554
9b57ea36-a63a-4fec-8431-5f5d66154289,2020-07-14,13341228,7399324,608526,1.6863595350540983
69fac1ad-8fa1-475d-8532-a1752ec86186,2020-07-15,13570476,7559130,614423,1.7183425693646792
236bd42b-db37-4238-a069-c1246fb5821f,2020-07-16,13815424,7711615,620588,1.805006692469741
b90a5740-0f21-4f3a-967b-c10ba5d31af0,2020-07-17,14052932,7895036,627582,1.7191510010840059
3f08b482-aa34-494c-bd0e-2d4cc0836c99,2020-07-18,14288256,8045823,634080,1.6745544630828642
dc740244-7e6e-430f-8728-c19fabc5367d,2020-07-19,14500046,8133881,638971,1.4822662751843192
f5276201-e09c-47e6-8ac4-321e6fd71b68,2020-07-20,14708011,8293009,642893,1.434236829317645
359dc612-6cc7-4a73-9a51-38de40603148,2020-07-21,14951217,8467705,649249,1.6535614502871938
2342abdd-8c70-48f9-9551-dbf547149c28,2020-07-22,15226372,8647437,656622,1.8403518589824495
0aea595f-a281-4f42-ab46-91723e48dbe9,2020-07-23,15506179,8823667,663262,1.8376472084091995
96fe023b-3405-42c7-9d0a-f21994ef3748,2020-07-24,15789858,9051967,669717,1.8294577922775173
007ec15e-0d40-40f4-8358-821093fa3eb1,2020-07-25,16039878,9271779,675792,1.5834214595216753
1145c228-ab91-4465-b7af-12907e8e546f,2020-07-26,16251880,9415080,680145,1.3217182823959135
20ee5f9c-17f4-41bc-a36f-ab68ad2bfae6,2020-07-27,16485974,9586463,685422,1.440411816971329
ac020edb-4855-42f5-9194-413ab824092d,2020-07-28,16750382,9756921,692366,1.6038360851472895
67a65e67-f5e3-42b9-9ff2-1e996d576991,2020-07-29,17020687,9959507,699019,1.6137243914795496
dd633804-265b-4c6a-b7e6-9c55976a7aff,2020-07-30,17302404,10173026,705765,1.6551447071437246
db51af61-4051-42d6-96ee-16cb065a0c7b,2020-07-31,17590145,10372632,712354,1.663011683231995
c19cb56c-81b5-4e22-b726-b5541b36c9e8,2020-08-01,17836466,10553543,718356,1.400335244536074
d730c55e-9335-451b-b6ee-ae09136e7c0d,2020-08-02,18067265,10692267,723008,1.2939726961607754
f5016954-7285-4ebc-9f29-3f676232af68,2020-08-03,18273134,10914712,727807,1.1394585732815674
b1169a18-25f0-4e12-b08c-6abc8efc6138,2020-08-04,18538734,11138369,734978,1.4534999852789345
d5e16683-50f9-4ff2-b202-805147315187,2020-08-05,18813900,11360064,742360,1.4842761107635505
8bdb7b40-c5f9-4d2e-b161-fb75758189b1,2020-08-06,19100788,11548871,749183,1.5248725676228747
167cec21-934b-4def-8093-03e0f7b378c0,2020-08-07,19383355,11740917,755920,1.4793473442038099
1424887e-c48a-4e9e-82a7-7b2c92cf1709,2020-08-08,19648713,11941161,761937,1.3689993295794254
8b12d29c-cfa6-497b-a04b-7390adcee7c9,2020-08-09,19881837,12119939,767106,1.1864593879507528
afea1e11-08e0-4602-af09-552477bdb5c6,2020-08-10,20114995,12284150,772469,1.1727185973811172
321d2da1-1bc3-453a-8b11-4542badd7c69,2020-08-11,20380911,12589218,779101,1.3219789515234779
1cbe7631-bda0-4bae-9cef-d91a66860117,2020-08-12,20655885,12829863,786048,1.3491742346551634
7cf6d48c-61e2-4f96-9e50-fd60a8db0d31,2020-08-13,20946163,12993779,792840,1.4053041058274676
71dc5d8d-bba1-4503-8634-40e685ee6a7c,2020-08-14,21253368,13277021,799421,1.4666409308473345
1bfc597c-a787-4370-b922-051a44ed3ad4,2020-08-15,21502515,13445625,805439,1.1722706725823409
dbefb902-9e42-486e-93f6-3c9551da057a,2020-08-16,21712481,13678579,810225,0.9764718220170989
f4413432-df60-4f27-b064-d0107c1ac454,2020-08-17,21925213,13889591,814842,0.9797682724512228
5c3cb614-0afa-42ae-9d64-a5404d48ca20,2020-08-18,22184889,14117186,821893,1.184371618191349
f208a404-5cec-4448-8221-15bf5644e020,2020-08-19,22462185,14335183,828302,1.2499318793075773
37347bc1-7d1e-4983-8d66-b7cc5a36794e,2020-08-20,22733750,14542973,834739,1.2089874604808035
bee74b15-a3ab-452f-ae62-6f4b02a74215,2020-08-21,22995385,14711467,840476,1.150866003189091
3c37bb31-c767-45ea-ab6a-dd0784535b56,2020-08-22,23259276,14921384,846274,1.1475824388241378
41b88bbb-49a4-42ba-9c7e-f699432eecf7,2020-08-23,23461927,15137915,850586,0.8712695958378067
df6a01ca-4354-4350-a935-7a54fad8157d,2020-08-24,23689888,15337336,855405,0.9716209585001266
cf7134a1-a09e-4100-8565-042e8871523e,2020-08-25,23935409,15568885,861970,1.036395782031557
6754ead3-2e75-49a7-bb5c-d57fe096b88a,2020-08-26,24216938,15794619,868511,1.1762030053465977
e104d938-1291-492b-bd29-1afe54d98170,2020-08-27,24504301,16001856,874717,1.1866198773767351
c20e0e37-e480-42c9-8a91-10ecfa7c3742,2020-08-28,24788323,16200974,880534,1.1590699934676774
060d552f-27c0-41f8-88f5-34d75b0897cf,2020-08-29,25049249,16412387,886339,1.0526165888672663
1808cff1-5d4d-4149-9fd4-8ef164d21101,2020-08-30,25268736,16622627,890600,0.8762218779493149
94fccbf0-1461-460d-91c0-b8a267517e6b,2020-08-31,25532930,16823417,895016,1.0455370620833586
9ab34f69-2caa-499f-a751-427479b3cb83,2020-09-01,25799976,17081379,901614,1.0458885838797192
6dde3d41-e4a0-4383-9de5-14b3cf709507,2020-09-02,26081699,17300616,907908,1.0919506281711269
96495103-7629-4bfd-a1ab-7834463a66b1,2020-09-03,26367170,17521985,914006,1.0945260889637596
44dfefd0-bb82-4da8-a519-801aa2e84615,2020-09-04,26668499,17735486,919857,1.1428188918264646
3c01a45c-26cb-4231-bf74-6f9a7ac8ef65,2020-09-05,26942595,17936474,924962,1.0277893780223626
10f428fe-c2de-4b90-b2b8-6bbbd3b6d321,2020-09-06,27171440,18148265,929078,0.8493799502238
3d3de559-a706-4e33-a194-19ad05d28303,2020-09-07,27388662,18345813,938684,0.7994497163197828
910e9579-30de-4087-97e0-0bf45c2a8eeb,2020-09-08,27635123,18547610,943817,0.8998650609511337
10b59437-69b3-4cff-985c-e3c9ad388fde,2020-09-09,27920213,18787877,950075,1.0316219688980577
d1b3e452-9c40-4b6f-9baa-9b7968ff1d25,2020-09-10,28224541,19004538,956075,1.0899916845190256
1baa2f1e-5e2e-4362-8c3f-73bbb80e0541,2020-09-11,28540587,19228208,962068,1.1197560307535204
f85edc60-7a2f-4cb6-bf20-0d5ceeefacb0,2020-09-12,28829539,19451142,967111,1.0124248670848992
a57fbc40-caa5-4afa-99d8-3f7a84b229ad,2020-09-13,29077878,19638990,971055,0.8614046863531186
ac5a182c-a11e-417f-8ba7-70702341b334,2020-09-14,29344683,19867489,975643,0.9175531997211076
38b6466c-3265-4daa-adf7-77a549201658,2020-09-15,29625452,20093776,982216,0.9567968411858462
f2519093-d2f4-4a40-b48d-d43d26a56a4f,2020-09-16,29930181,20323253,988076,1.028605403218827
d87d82a3-4791-4143-ad64-ffe9ba74a336,2020-09-17,30245688,20543464,993715,1.0541433077200568
ff46fdf2-24d3-4fe7-a962-19537d6cb14e,2020-09-18,30572221,20794613,999566,1.079601826217344
ca7c625a-104f-488f-81eb-2e07d72e1dfc,2020-09-19,30865470,21031598,1004872,0.9592008379109911
59977e83-9758-4754-aba9-cb582a8b9ceb,2020-09-20,31120345,21268675,1008828,0.8257609555273255
52ac6c5f-afc5-454e-a457-c834f6aa36e1,2020-09-21,31379958,21514153,1013231,0.8342227568492573
e90f3d25-d363-446e-a96b-7cc4aa646487,2020-09-22,31664541,21733546,1019388,0.9068941392464579
6fd013f9-d375-4d9e-b13d-a29262f73f1f,2020-09-23,31976037,21996959,1025913,0.9837376136290747
b6a9c94e-3442-4d04-858c-29578511656c,2020-09-24,32296990,22252629,1031593,1.003729761758782
386bfc85-e61c-4156-8ce9-c00dc6a51a59,2020-09-25,32627024,22491837,1037605,1.0218723168939272
e9f48af4-ea57-42e4-9c45-6700a1faa6a6,2020-09-26,32912811,22753980,1043037,0.8759211382564343
d80f2756-185f-43aa-b412-82438734eefc,2020-09-27,33159736,22967859,1046878,0.7502397774532232
b0d0aa8d-9cdd-449b-8f97-00ae84690de8,2020-09-28,33422170,23190401,1050951,0.7914236711655365
4b4e0d6a-677d-4f30-8d1e-67570160bbbd,2020-09-29,33704894,23431685,1057046,0.8459175451504196
331690ce-0541-4c4a-8199-250b68fc8797,2020-09-30,34029080,23679903,1063488,0.9618365807647994
d751e557-a919-4885-9a67-1ced96d657d2,2020-10-01,34348139,23901445,1072373,0.9376068938684208
dbd354ac-0c4d-4d78-9309-acbb53cdddac,2020-10-02,34677414,24073730,1077969,0.9586400008454607
c64d674c-99d2-43ec-8932-4d8b1cef023d,2020-10-03,34974941,24329331,1082692,0.8579849696981442
3741f7b9-81ab-4779-b688-b620cc176b49,2020-10-04,35234912,24551490,1086683,0.7433064719108461
f9db85c5-fa0b-41d2-8c24-c1f0b0aee3c3,2020-10-05,35545699,24788958,1093722,0.8820427875625175
cc35cf20-3971-4203-bd42-a3f17a1f91b6,2020-10-06,35861625,25021584,1099576,0.8887882609932639
bd4ead62-460d-48d1-895c-79afb0140a24,2020-10-07,36210456,25276775,1105467,0.9727138689337139
a8d2224b-fb12-4e5d-b7b9-a20947d6d8d9,2020-10-08,36569609,25496281,1111833,0.9918488737065339
0db1233a-d222-4401-af84-06977deadce4,2020-10-09,36929540,25703071,1118024,0.9842352976757285
a8b95b2e-7b79-4590-b860-8dc8115bcdcb,2020-10-10,37285319,25898476,1122904,0.9633994899476137
c09cd955-43ab-47d5-a80f-8381f7d38db5,2020-10-11,37574472,26121116,1127028,0.7755143519088572
fdd5ed5d-8697-4f74-b82b-ffd44f98590c,2020-10-12,37863592,26321235,1131078,0.7694585834765689
0021d03c-5def-437f-bc3d-0177b5b0533c,2020-10-13,38182789,26513680,1136463,0.8430182746528644
de01892d-b266-480c-958f-b037f3470340,2020-10-14,38562868,26725965,1142654,0.9954196902693514
f13d1172-1abb-48c5-9949-902f2e9e35d0,2020-10-15,38969780,26933292,1148837,1.0551912269595716
914f8c05-28fc-4390-9db5-6037b21c2fc7,2020-10-16,39379895,27136306,1155025,1.052392392258822
9ddd1f4d-b840-4905-809d-ac10e00bad60,2020-10-17,39752176,27334589,1160737,0.9453580310460452
0a814f1a-459c-46bd-b54a-ff1c9d11f306,2020-10-18,40083148,27536100,1164590,0.8325883845956006
3a0fff41-2638-48e0-afc0-40b451b03c41,2020-10-19,40456878,27738631,1169292,0.9323868474601845
c16bb4a0-6652-4d21-b7b9-15379cf7f931,2020-10-20,40845321,27950078,1175943,0.9601408195659586
cb823fb2-9587-4e04-b325-8f6adc467ba0,2020-10-21,41284309,28161300,1182798,1.0747571306882373
264ae328-7324-4459-9a1d-05539f92672b,2020-10-22,41766204,28388093,1188695,1.1672594544334023
4343b373-c0e3-4893-a674-2aa7392ad064,2020-10-23,42259529,28594827,1195788,1.181158335576774
c72cbcc1-a906-425c-872e-4a75e72b0f16,2020-10-24,42716464,28806408,1201651,1.0812590930675068
3f8a5ab8-6b88-4012-a25f-dd3720f30f84,2020-10-25,43075336,29003666,1205906,0.8401257182710629
d360280f-f7aa-4a39-bb5f-0d8be42c529a,2020-10-26,43558104,29242801,1211520,1.120752720303795
b5621997-4b25-4015-a6ac-09f015bdc03e,2020-10-27,44025232,29832506,1218996,1.0724250072960018
9a358240-6a98-47ff-8990-c6f9d3d5a0a6,2020-10-28,44545397,30098468,1226179,1.1815156363060166
f8bdc65e-2d54-41d6-a2c7-ba3091718b2b,2020-10-29,45095600,30345219,1233380,1.2351511874504115
0e6e5ebd-d210-4bc5-8fb2-c0d467f35726,2020-10-30,45667520,30600993,1241057,1.268239029971882
8345b524-4050-4581-a430-7cd3439f81c7,2020-10-31,46140588,30845322,1247660,1.035895971578925
a2b87ece-aadc-4654-9793-00ad4f168d9b,2020-11-01,46578413,31103269,1252779,0.9488934124549951
1767cd0a-7b64-497a-9f69-6ba638cd435a,2020-11-02,47124212,31383406,1258854,1.1717853074985618
5e7c7ef1-52cb-424b-9ab5-6eded74f0042,2020-11-03,47687439,31634979,1268427,1.1951966432881678
c23edce9-a29d-428b-91c6-0be9ccc33e73,2020-11-04,48179325,31914298,1278499,1.031479170017916
7dfaf241-2f55-4c2e-8756-ba53f71e6c21,2020-11-05,48797426,32217953,1287166,1.282917517005479
12629fce-d361-4098-9a5c-e3160ded4eb0,2020-11-06,49418108,32506314,1296318,1.271956434751292
a1d2ccfd-1d2a-460b-8fce-369078bec743,2020-11-07,50018687,32805330,1304068,1.215301484225175
2283f631-8fe6-4b7b-9abf-1b77bf743123,2020-11-08,50508065,33058570,1310158,0.9783903363956755
7d70419e-66cb-4d9e-b453-c7db7315c4c9,2020-11-09,51015418,33315623,1317391,1.0044989844691141
b93d085a-bb06-4279-922f-f3c98b3850ec,2020-11-10,51584111,33572983,1327237,1.1147473103131293
899d716b-889d-4c3e-a6e5-d9e840c3b895,2020-11-11,52207978,33953207,1337787,1.2094169850092018
7d0a4e87-1aa6-4b40-b289-f96dcdc379f7,2020-11-12,52849166,34179446,1347560,1.2281417985580672
6fb45038-f3fc-4848-821f-18672bf26cff,2020-11-13,53511432,34481578,1357352,1.2531247891404758
dbe8e085-e50c-4b15-8dba-eeb7439ffeaa,2020-11-14,54098149,34759397,1366475,1.096433001456586
43876eb5-d375-49db-928d-55d269de29cd,2020-11-15,54588232,34990157,1373087,0.9059145443220248
2e9f9e1f-546f-4ccb-96f5-3daea6682a71,2020-11-16,55110823,35380887,1380828,0.9573327086321461
09ddac0a-6b3b-4d60-990d-f4659c05b0eb,2020-11-17,55711730,35814478,1391876,1.0903611437629956
cdc37cfd-7176-4a75-80ff-58d0f7220c5e,2020-11-18,56333473,36177588,1403334,1.116000167289725
3d1cfd78-586b-457f-9992-dac82239c92c,2020-11-19,56987275,36551887,1414453,1.1605923888271543
4007c914-39a1-417d-914b-28332e2dc143,2020-11-20,57662075,36907311,1426213,1.1841239996121942
1488a5ee-7ffc-42a2-910f-95df7f4be16a,2020-11-21,58256749,37246581,1435353,1.0313087068059898
6340a10e-0020-4838-9bf1-d2f5a72adf82,2020-11-22,58755072,37520305,1442824,0.8553910208755384
504ae8a7-635b-448b-8771-4900b81f9ec4,2020-11-23,59284353,37931518,1451132,0.9008260597485098
69f71b8a-c577-466b-8ab8-fa240df0d685,2020-11-24,59875565,38303697,1463736,0.9972479584958952
ab547019-d155-423d-aa45-05f83a56eb5f,2020-11-25,60492652,38741107,1475890,1.0306157445027866
33ccc956-f88d-4ac0-8ba8-526efe034bcc,2020-11-26,61086033,39107983,1486891,0.9809141778079097
2fd38158-46d8-40da-a8a0-1aa75c3f5cfa,2020-11-27,61780326,39489609,1498394,1.1365822364009135
6d8de088-04b5-41a7-bb73-84b6df1fe1ef,2020-11-28,62388284,39849315,1507860,0.98406408538537
c5c1933b-d4d4-413f-b502-db5ea9675a2b,2020-11-29,62884434,40167598,1515172,0.7952614949306828
90b223e3-b43b-4907-977c-f96bc6432ebd,2020-11-30,63386344,40569854,1523873,0.7981466446847562
41caa7ab-7d27-4c79-8cd0-720b190f4a84,2020-12-01,64000159,41046058,1536532,0.9683710421916746
c12032e2-88a5-4180-a9a4-6b7bd59dabbc,2020-12-02,64639978,41508984,1549160,0.9997147038337827
46d0dc29-6892-415f-a0f5-580e1c67fed3,2020-12-03,65331254,41935968,1561779,1.0694248689255432
0e6a73f1-accd-440b-a680-1b364f3a237c,2020-12-04,66028169,42426585,1574187,1.066740583304891
e2a6c054-529a-4e91-8344-deb652077a4b,2020-12-05,66672388,42862533,1584737,0.9756729737576094
5aeafb6e-7773-49e3-897e-3ade03cc5ee1,2020-12-06,67216584,43178577,1592557,0.8162239516604685
61a89d2d-393d-4ae4-90c9-7b654d8de471,2020-12-07,67750014,43591716,1600972,0.7935987940119063
62faeb69-15c5-452c-8200-c8bced29af33,2020-12-08,68380626,44032487,1613132,0.9307924275853287
62ca31fe-28e7-412c-8d7b-b00461c03105,2020-12-09,69046486,44458967,1625916,0.9737553440941006
f4fe1644-2229-414b-a795-37f1a34cd6ec,2020-12-10,70543194,44950193,1638408,2.167681639873751
1914e3cf-8a8f-4e65-bddc-2b13e909fdba,2020-12-11,71251444,45428333,1651556,1.0039948006890644
f3199cfe-12c3-4975-ada8-a50403b8c4e5,2020-12-12,71901650,46933276,1662469,0.9125513301877783
cac6ffd0-71ea-4ab2-b40d-b84d94841c81,2020-12-13,72441140,47328395,1670406,0.750316578270457
175ca7a5-fda7-46f2-aec4-bdbdaf8f47c2,2020-12-14,72992271,41338398,1679234,0.7607983529800885
16249bfa-e8a0-4ee2-bbe3-f869acd233bb,2020-12-15,73639542,41696562,1692579,0.8867664906603605
4bab3e1a-57cd-411a-bff9-58a084b5dcf4,2020-12-16,74357765,42058782,1706670,0.9753224700935809
b3f5d970-2813-4493-bac0-17fb347cc5ae,2020-12-17,75096946,42434191,1719993,0.9940871676280211
228cca03-70f3-408d-8810-b07208c91d99,2020-12-18,75819294,42751919,1733005,0.9618873182938757
adae9b9a-24a1-41e6-8b55-3d3741dd6c3a,2020-12-19,76455347,43103505,1744311,0.8389065189660035
2da90fc2-1608-424f-a3cf-73212a9ba0fc,2020-12-20,77003179,43380334,1752546,0.7165385044946562
d2250dd3-72f1-44bd-96bf-16cb70d2c292,2020-12-21,77549228,43723554,1761625,0.7091252687113087
5ede62ad-32d3-4fe2-abda-5e3a4a255d26,2020-12-22,78201068,44086739,1775566,0.8405499536371916
9ec3cdd6-3f93-44b6-b603-d82cff51c58e,2020-12-23,78883803,44410879,1789509,0.8730507363403273
fc13d848-155e-41f7-a6f0-214c3d49deda,2020-12-24,79579153,44725551,1801705,0.881486406024314
b82f4243-a65a-4df2-9297-6b7c31a58642,2020-12-25,80098228,45017157,1810601,0.6522751002388779
4dc35ee6-7e67-497f-aa5f-7c94b8478307,2020-12-26,80605026,45425321,1818041,0.6327206139941074
a9cd0a0a-c7f1-4f9f-9b30-c3db163362f3,2020-12-27,81017977,45717709,1825789,0.5123142073051375
ffd7e5fb-859e-472a-b586-a4b7bed6bd03,2020-12-28,81516474,46016135,1834888,0.6152918382546135
ce044f85-1836-42c5-910a-50734371fe6f,2020-12-29,82187305,46369230,1849717,0.8229391766871565
d2fa4c6c-57cf-413c-aafe-452d06c3d840,2020-12-30,82913042,46757475,1865432,0.8830281026978559
b4edb9fa-96ce-477f-be9c-c3c73e3276f4,2020-12-31,83753075,47055807,1879122,1.0131494150220661
5608e429-2725-4de9-b5b4-b8f34d31a08c,2021-01-01,84341129,47359111,1889077,0.7021282502164845
b6732588-a52c-400f-9d14-31ceeae50db4,2021-01-02,84921890,47614296,1897496,0.6885857551183598
fce4e7b4-f656-4808-8459-2dc52e0d5022,2021-01-03,85442114,47882778,1905134,0.6125911705450738
258b0ab5-2072-4ac9-baf1-7a26ab250221,2021-01-04,85998532,48173186,1914530,0.6512221830091891
fdd2056c-b6ba-4ae5-a741-a173edd1cedd,2021-01-05,86740208,48488547,1929931,0.8624286749452885
763040ce-1287-4f06-a73b-264748bff9e0,2021-01-06,87531297,48801672,1944927,0.9120211009869841
6fe60d31-1a15-414d-ab0b-19ae01f0a7ed,2021-01-07,88402136,49125603,1959982,0.9948887196313337
502b1c33-e068-4d6a-a71e-02667f2043c9,2021-01-08,89238832,49422866,1975521,0.9464658184277358
a61c02e5-e240-4b13-aa4c-8e72f1f60e6e,2021-01-09,89996683,49753111,1988855,0.8492390397937973
1dc9e479-3a16-4b8a-8527-5fad66765271,2021-01-10,90598523,50023661,1997796,0.6687357577389825
41ec92a3-0ce9-4296-bf41-bb55dd6946a0,2021-01-11,91212596,50313949,2007354,0.6777958179296146
6f3a21b1-aa72-4ff3-8096-5029a92f2fcb,2021-01-12,91904578,50657506,2024302,0.7586474131270203
e2cf9ea0-735c-47a6-81e3-7b12b3a956ec,2021-01-13,92648667,51023567,2041022,0.8096321382379885
e52abf6d-bb66-4fa5-9b0a-e2389f158611,2021-01-14,93409890,51396412,2056610,0.8216232619946923
aadeb6d0-c6a5-42c6-bf7e-6a587064830b,2021-01-15,94194314,51717034,2072243,0.8397654680890857
04c1fbc6-226a-47e3-b0b6-26e9b675a913,2021-01-16,94852162,52034089,2086164,0.6983945973639131
42c924d2-92a8-46e7-b941-58ffff30b3b9,2021-01-17,95379938,52349804,2095253,0.5564195785015422
106cf29e-8c15-4787-9500-7a7d2a9e5c38,2021-01-18,95896595,52668557,2104872,0.5416830948244065
db28c131-dea8-4484-89dc-a1ba7b32bce7,2021-01-19,96489830,53071501,2120725,0.6186194619318861
0aa524c7-b5a4-4afe-a023-97072f9c6acd,2021-01-20,97176788,53399272,2138868,0.7119486063971716
a086904a-4e55-4299-967e-602bfb3298fa,2021-01-21,97846151,53765411,2156151,0.6888095539852583
0f706bba-330a-4229-8b5b-2cdaa302b3dc,2021-01-22,98510412,54147168,2172232,0.6788831172316631
10e5e6b1-4522-4fc5-a4e5-a575cfec98fa,2021-01-23,99087798,54463661,2186850,0.5861167243925445
27f509cf-4017-47ec-b793-9d12f6cfdd68,2021-01-24,99549884,54774618,2195957,0.46633996246439946
f27daf3e-20b4-4587-957c-eec40ccb5661,2021-01-25,100030792,55089059,2206362,0.48308243131654477
c89dad10-a709-47af-9d37-0f5365493032,2021-01-26,100592320,55418602,2224173,0.5613551475229748
7493a53b-5c5d-4d13-abd2-2e461dc7cac1,2021-01-27,101193735,55759371,2241615,0.5978736746503113
7e0dbbdc-b43e-4669-8375-ba74320c1e2a,2021-01-28,101808776,56075030,2258177,0.6077856499713149
ec161c86-a841-47f8-bf26-0dadf7571bdf,2021-01-29,102398247,56439137,2273979,0.5789982191712039
324ef378-c892-42dd-8243-e336ac197a9d,2021-01-30,102913518,56790303,2287429,0.5032029503395697
1d66bcb8-ea95-4285-8c3a-a6cb15ba0f25,2021-01-31,103310123,57079202,2296527,0.38537697253727154
a279f29e-3885-43a9-8c0a-c012b9d985cd,2021-02-01,103752688,57351844,2306150,0.42838493184254556
79915e38-7c40-483d-af0c-69438a17d86d,2021-02-02,104217880,57702034,2321484,0.4483662148589345
5d17ba1c-186d-43cf-a8eb-38281957e048,2021-02-03,104743426,58031881,2337679,0.5042762335983039
77e3b01e-3f24-47d4-8423-592158374c36,2021-02-04,105215449,58325870,2350625,0.45064689787786777
b3c8af35-9003-428c-bcfb-ef5b4070c063,2021-02-05,105752476,58607157,2367926,0.5104069840542143
188bffa7-2b0d-4ae6-a7a3-03fe398214e5,2021-02-06,106188323,58901714,2379783,0.4121388136576584
338d6e27-f855-4f5a-b418-a1d1c788c884,2021-02-07,106540137,59179149,2387143,0.33131138157252943
13633ded-a35c-4605-b1af-d203f95f0eb4,2021-02-08,106879564,59411983,2396212,0.3185907298016709
20930bd7-74da-4ef9-be9a-ef16bcd6c42f,2021-02-09,107286701,59783591,2411279,0.3809306332873888
df965752-9efd-4219-9203-6c7230dece80,2021-02-10,107727017,60052899,2425448,0.41041060625025655
a187eead-43bf-4c4d-a83d-4396c3cd7fc4,2021-02-11,108171909,60328984,2439315,0.4129808959622451
4085f329-36e4-456d-a3a8-37c0965327d4,2021-02-12,108602636,60616583,2452310,0.3981874813728211
d9b7632b-1312-45a6-a3f3-fd147a8e173b,2021-02-13,108983366,60862826,2463034,0.35057160122706416
bed9c99e-cd7a-4b60-ba9b-eec3f735e7db,2021-02-14,109292190,61058257,2469761,0.2833680141609867
011b0d19-9f94-4721-9c5a-50ff3d9819db,2021-02-15,109572409,61346870,2477164,0.2563943498615958
3af78fd3-9b40-46c7-af2f-31c9bcf2e067,2021-02-16,109931831,61582275,2488491,0.3280223582562651
e1c88103-8188-45bd-bd89-9c266039100d,2021-02-17,110318342,61876216,2500087,0.35159152402364696
4e69adcd-03aa-45a8-8b02-8b5990885903,2021-02-18,110729640,62112834,2512001,0.3728283008459283
e008d233-4113-4eb8-b223-b92c01f8bd8d,2021-02-19,111139580,62347470,2523693,0.37021704396401905
e4c52878-4703-4e63-bde5-3f594fdae63f,2021-02-20,111515230,62616686,2532767,0.3379983980504515
b4c5861c-9940-47fd-ab6b-de4d70cc7836,2021-02-21,111834482,62833943,2539343,0.2862855593805438
74101bd7-bef7-44d0-85f3-2740145f3320,2021-02-22,112129135,63016513,2546356,0.2634724055859623
9ff79057-2c3a-4a50-b679-e03b0180c855,2021-02-23,112522443,63295143,2558026,0.35076343003983756
7608c15a-04f7-4add-92b0-7e7e9aff3f84,2021-02-24,112967480,63504602,2570562,0.39550954292736074
8381d5b1-241d-48b9-b4ab-0384b82a196a,2021-02-25,113421072,63732294,2581421,0.401524403306155
9f203457-a49c-468f-8481-24f58cdc2478,2021-02-26,113863138,63992562,2591996,0.3897564995682637
170225b5-5121-416e-bada-7afc45c07323,2021-02-27,114260988,64243284,2600691,0.3494107109537065
765ab499-1fe8-4c1d-80aa-eceb86eb9674,2021-02-28,114569813,64418461,2607029,0.27028035150545
2ad12fab-7f8a-4c00-9893-b75de9b9de40,2021-03-01,114874850,64633387,2614416,0.2662455249010488
59fc51a0-28e9-4b6b-9069-eec3f9cef927,2021-03-02,115188425,64903491,2624772,0.2729709766759217
0f89db17-69fb-4da2-8592-aa24edf744ea,2021-03-03,115630622,65132899,2636546,0.38389013479435974
8bbc6e6d-bd77-4155-bcb1-dc0d8950c132,2021-03-04,116089417,65383179,2647015,0.3967763833355493
382fc031-0eef-45dd-8670-7a3dea9d0874,2021-03-05,116539442,65609539,2657485,0.3876537686462841
38629d75-d698-4753-8dfd-c82027562bb0,2021-03-06,116953953,65846042,2665755,0.35568301416785575
7fd53ad5-938b-4740-ab52-b5efdabba40d,2021-03-07,117327861,66084362,2671692,0.31970531171357675
2455f0f0-7f8e-475c-bf0a-9f8d436b21d8,2021-03-08,117632319,66358920,2678717,0.25949335256354844
f1b91da3-d74d-47eb-8a15-b85c2d911861,2021-03-09,118046564,66621153,2689280,0.3521523706422892
50a3d4b5-4397-4df5-946d-960ea1614ee7,2021-03-10,118505479,66856509,2699457,0.388757609243078
8f506eda-5581-47c1-8625-7f54251fd31a,2021-03-11,118995836,67129126,2709693,0.41378424368041244
890abaf6-9d72-4a16-9c3b-5d9a88debd8e,2021-03-12,119485614,67397682,2719584,0.4115925535411171
bb21b1da-ce50-48b2-be1a-51bac8a2ea9d,2021-03-13,119941781,67650214,2728176,0.3817756671527001
fd9556c2-4f13-4fd2-86eb-63b2a1865eaf,2021-03-14,120306971,67895902,2733988,0.30447271747615623
49b3bf72-a719-4704-8ae9-d5c5b2787ff1,2021-03-15,120659926,68185781,2741454,0.29337867711755455
34361286-0b76-4bb3-95b7-b85e4d148fd9,2021-03-16,121126545,68452266,2752081,0.3867224317707604
0a6683f9-7965-4327-a2d2-05e82587f6b8,2021-03-17,121672187,68716802,2762677,0.4504726854051686
4d5ba742-e850-4e83-818f-0ebd4b42e544,2021-03-18,122220797,68985878,2773399,0.45089187062939867
5790632a-8e76-4464-b1c3-2372d7eb6b73,2021-03-19,122784013,69264939,2784225,0.4608184644713125
a5fa9e0f-714e-42e3-b8a1-3463a80823ce,2021-03-20,123283226,69523150,2793008,0.40657817561313947
fbb00ed2-d60b-4686-be0d-b16045cb30d5,2021-03-21,123722665,69803249,2801454,0.35644670751883145
22e8f230-fca8-4c36-87de-e7e60e25f559,2021-03-22,124142574,70137878,2809326,0.33939537270717535
bdba3eaf-27ee-497b-b53c-a1cee44f2112,2021-03-23,124649657,70451020,2820817,0.408468250384433
2941153c-2c02-46a0-9f21-12429f3e4418,2021-03-24,125279444,70786662,2831499,0.5052456742821202
ed6534dd-05f2-4636-b76a-09778ddcaded,2021-03-25,125931456,71098479,2843056,0.520446115645277
d60ef41a-7467-462b-b09f-e536b2f3fe4c,2021-03-26,126572141,71463065,2855824,0.5087569224959966
c866c97e-155f-4752-801e-b367ebc9af10,2021-03-27,127157204,71768318,2866034,0.4622367887416869
c32ddf18-242b-458d-93cf-228d21eccd97,2021-03-28,127649180,72097106,2873284,0.3869037573364699
4c93d953-3696-47a6-a63e-9c7147d17ccf,2021-03-29,128108148,72401542,2881882,0.3595542094355796
24870bf1-5450-4d50-b7fc-4406cdce4f74,2021-03-30,128669690,72736785,2893798,0.4383343360798565
b044ce2b-b86b-4093-a0cf-79f3ead9c5de,2021-03-31,129344579,73119294,2906701,0.5245128048416065
0e621e43-a9e2-4154-b894-eee9d2493c25,2021-04-01,130054616,73464080,2918988,0.5489499486484084
4e958585-01e7-4715-9f5a-36d746ef21da,2021-04-02,130699335,73784287,2929619,0.4957294249363667
bce55a4b-7624-49c3-9eb2-cc159bd9af49,2021-04-03,131240249,74150288,2938932,0.41386132530819686
ec39c325-8626-47f2-ab93-399b8c5b6b86,2021-04-04,131799592,74498476,2946314,0.4261977588902624
36528769-4e3e-4ead-911c-2e595b0d5411,2021-04-05,132294751,74846289,2954562,0.37569084432370625
2bba0699-8e00-44ce-b5f9-717e3c249e2d,2021-04-06,132901342,75216285,2967002,0.4585147902050929
8c3e5250-a0e9-4496-aa1a-d492bdbc0b0a,2021-04-07,133565619,75699590,2982385,0.4998271575015398
9bd5a299-c0cb-4daf-96d9-225a221247f2,2021-04-08,134401976,76094849,2996720,0.6261768606784954
76bc39fa-a796-4330-9b54-51682356872b,2021-04-09,135149458,76548562,3011092,0.5561540255926
da7e5e9b-fde0-4cfe-81db-7dce35ad8fab,2021-04-10,135820843,76933556,3024124,0.4967722475069046
1e8e3e62-8835-4b00-bb85-c1fa58851941,2021-04-11,136529367,77464028,3033212,0.5216607292004513
8eab619a-4751-45ef-b72c-5e1222085623,2021-04-12,137142099,77858760,3043098,0.44879135783292684
3c1d7635-8f97-4c97-8d6f-70fe4425b4a1,2021-04-13,137906430,78345222,3056919,0.5573277684775702
c3822e67-ecdd-4523-b2f0-1002d806c6e3,2021-04-14,138719032,78792112,3071018,0.589241560382645
9f9fdf03-753d-41a3-b4b6-e5f8a9856a5a,2021-04-15,139539495,79236514,3084676,0.5914566935559354
48a62afa-f32a-495c-8024-5b0fe84abc6f,2021-04-16,140399677,79740631,3098064,0.6164433947535786
2d7a316c-5cb9-45dd-91f5-b65f137a4245,2021-04-17,141193459,80259167,3110669,0.5653730955520645
92f3d535-94ee-465c-a1ce-53d0f21dfbc5,2021-04-18,141893297,80839358,3119780,0.49565893842150294
ad92a1b3-39b9-4931-bbdd-f5b52e70228c,2021-04-19,142583039,81374733,3130880,0.48609907203720837
ed932dff-ac4a-4b3f-adca-28e47c58e544,2021-04-20,143422747,81979570,3145202,0.5889255874255843
45602d18-3dfd-49eb-bc6d-fc5afad23cf8,2021-04-21,144311955,82491870,3159936,0.6199909139935801
ac2bf103-2d47-4606-b3c5-b2e2e7b8f61e,2021-04-22,145211836,83128166,3173812,0.623566495235963
183744aa-186f-4f62-9d5b-dc6b5d5a4b5d,2021-04-23,146119369,83767998,3189079,0.6249717826031757
1c22439f-badd-49a8-8506-056c5c9efbf9,2021-04-24,146943967,84344289,3202201,0.5643317553609201
90ec1267-f2a9-4c3c-95de-16bc5351debc,2021-04-25,147672696,84878103,3212951,0.49592304800101117
847a9070-ef9d-4cdd-b9b8-39f6bcf9eeb7,2021-04-26,148360462,85565469,3224541,0.4657367398506762
2086353b-f2fc-4bfa-b9e6-53215d9741da,2021-04-27,149199958,86246373,3239557,0.5658488715140292
26090c66-567a-41af-8146-48d3a66ded25,2021-04-28,150098583,86843038,3255535,0.6022957459545665
182db4ce-4a15-4137-9114-46fb8376249c,2021-04-29,150993610,87550354,3271268,0.5962927711316236
1f189fd9-81ad-4c58-86ab-f75d22ed5059,2021-04-30,151885385,88236950,3285680,0.5906044633279514
536a7cb0-f6ef-47f0-b0e0-72ce1b9d0a60,2021-05-01,152680343,88919400,3298710,0.5233933468977282
f3e1cd8d-6bf5-4902-8708-4c0efe629e89,2021-05-02,153367519,89612414,3309013,0.45007496479098164
3ea93075-4b08-4d8c-a120-94ea314b5c53,2021-05-03,154056690,90255903,3320659,0.4493591632006514
df1a542d-3b5a-4e80-b776-6f9c09a59710,2021-05-04,154842345,90912803,3334777,0.5099778529578949
0528fe38-3c04-492e-a6ef-d56dd7630f6e,2021-05-05,155684714,91626285,3349654,0.5440172066626865
9d1d9e8d-9681-45d4-b3ee-183ff029ab5d,2021-05-06,156557290,92301897,3364262,0.5604763483716199
41d8b6e9-fe57-448d-a408-e713886e2577,2021-05-07,157392278,92998026,3378783,0.5333434169689575
01c12396-7a6d-4427-9432-57632b92f34d,2021-05-08,158181221,93709031,3392088,0.501259026189328
1f54b4c2-08d5-4f9a-a83e-8a2d4d54f319,2021-05-09,158830526,94371824,3402507,0.4104817221002486
ccd94dd8-03a4-41cd-b7d1-221f1b5d1fc0,2021-05-10,159455449,95000510,3413570,0.3934527044253446
4610ec1b-d547-4074-aa39-315c6b67778f,2021-05-11,160181621,95751514,3427762,0.45540745365183477
11af1287-3768-465f-a722-c5952ac9e6d8,2021-05-12,160949550,96399063,3441913,0.47941143010408166
b7abed47-7484-4f08-a121-69a5b77350ba,2021-05-13,161684855,97089180,3455377,0.45685433727525177
5079ca87-53c3-418e-a880-f038341926cf,2021-05-14,162394780,97754527,3468377,0.4390794672760167
0a3ac458-556c-4dcf-85e6-3efaad355a12,2021-05-15,163026598,98397064,3480647,0.3890629982072084
92462ce8-a341-4290-b6ff-6b7b374bcdf2,2021-05-16,163573172,99064468,3490915,0.3352667642613753
0bf8cb3c-8f04-4449-b2c9-913e7919c292,2021-05-17,164116235,99808930,3502229,0.3320000421585026
f508714f-d11f-4e7c-b1ee-471d9e1772d2,2021-05-18,164736006,100552043,3516310,0.3776414929333469
3d6ad145-dbb0-4759-b839-5158db018ea8,2021-05-19,165408800,101250070,3529788,0.408407376344914
248918cc-4292-47cd-b4ab-bc34c281a3db,2021-05-20,165690919,101886759,3542965,0.17055864016908412
a3e9cd1b-dc31-4c5b-880f-1c29b4051f22,2021-05-21,166317397,102501547,3555935,0.3781003834012171
8c2b343c-a744-4106-a4ad-e694a4c8ff57,2021-05-22,166890042,103118308,3567369,0.3443085391722431
be2667e0-1df6-4479-82d0-411ac9937076,2021-05-23,167371567,103620279,3577194,0.28852829936971314
221b54e7-5186-4fab-91d8-d61834265a5b,2021-05-24,167822262,104247871,3586314,0.26927811460353956
76d606fb-e27a-4fa2-82f8-8a7c1e7696c3,2021-05-25,168356595,104824934,3599276,0.3183922047243053
37eeb1b4-1ff2-407c-933c-ad507d4c0fac,2021-05-26,168925182,105380747,3612081,0.3377277854781988
eef8ec2c-06f3-49cd-a29a-16bb9537012b,2021-05-27,169472359,106078105,3625015,0.3239167739952472
09402dea-5992-4f59-a189-7041fe71bb56,2021-05-28,169977978,106633068,3637016,0.29834894786588767
be3475dd-686f-478e-aa51-48fab3138e24,2021-05-29,170458538,107140668,3647820,0.28271897669002743
10b8f536-8c49-43cd-856d-ae65876668ef,2021-05-30,170848636,107630597,3656202,0.22885213294508017
6004cf34-8520-4335-ad4f-dba5fac0a850,2021-05-31,171235461,108159766,3664871,0.22641386496056076
29af23f0-2920-451b-bd35-70aad36f36fe,2021-06-01,171695471,108743649,3680082,0.2686417855936978
51fbd23c-86f9-4017-92f1-f4bc9fd30d7b,2021-06-02,172183117,109272023,3691980,0.28401797505771137
24dd466b-a15a-4f6b-a84e-eeac20f189e2,2021-06-03,172663902,109701213,3702144,0.27922888630248227
8b095295-80fc-4fdc-ad36-5e6357f9a8c6,2021-06-04,173089139,110226715,3712787,0.2462801981620918
6dd3765a-1fa2-4afc-9796-4d60e4ea5b3c,2021-06-05,173486079,110704845,3722183,0.22932692501289753
b04a7c2f-1605-4bdb-bcb0-eadadf253b63,2021-06-06,173809303,111146371,3729461,0.1863112025259387
4eb1dd8d-f61f-4788-bb37-4ba84210d8c2,2021-06-07,174130990,111568368,3737520,0.18508042690902454
65fa0da1-0883-4fc7-a60c-b09519221982,2021-06-08,174501789,111983104,3748170,0.21294256697213976
1fc829ef-9ea2-4d31-a545-3926316deb2f,2021-06-09,174920328,112435799,3758323,0.2398479708422932
bebce0bc-d2ff-4769-9f17-69ca803f1ea7,2021-06-10,175373823,112849488,3774292,0.25925803203387543
7a544307-aa11-44da-874b-1c6d0e5c78c0,2021-06-11,175796382,113225020,3786030,0.2409475899946596
e22e03a5-45d6-41ce-b142-006640e4eeb8,2021-06-12,176164980,113563994,3795834,0.20967325709808976
c1090f18-70fa-4ca4-8cb0-57669a17d741,2021-06-13,176467978,113993655,3805101,0.17199672715882577
eda0540c-d407-4eb9-9571-9d1631073da2,2021-06-14,176777436,114340429,3813079,0.1753621271730104
d60dd64b-8fb8-448d-8e7f-b1959e1d2ecb,2021-06-15,177152356,114800574,3823828,0.21208589087127616
ca98a0f2-4179-4054-b62f-2418c73ae25f,2021-06-16,177541331,115149801,3833886,0.21957088733270927
da577562-ee7d-47cf-ba9e-3b2ad5325557,2021-06-17,177937632,115530279,3843207,0.22321619296635778
2875c9de-e5af-4438-8c90-68a15f21d832,2021-06-18,178341062,115849842,3852407,0.22672550795775456
78391dc6-2d15-4332-b783-d5b94b021e2f,2021-06-19,178689527,116181692,3860570,0.19539246659863446
97914af4-b346-49aa-b151-615a67dbe694,2021-06-20,178992964,116446786,3867304,0.1698124143559908
c843ffb6-1534-409b-84e3-6b84e972c773,2021-06-21,179289570,116804004,3874286,0.16570818951296878
d6cd7f15-333e-4f42-b6a6-daf631d69c21,2021-06-22,179699866,117107408,3883209,0.22884543702123886
a8a14335-2746-4bb6-a174-567529eb1f1b,2021-06-23,180096920,117507151,3892588,0.22095397667130146
2aa8172a-8cf6-415e-ae2a-9067921ff806,2021-06-24,180506291,117796862,3901240,0.22730594171182938
acaf5cf7-d6e5-416f-a6b9-0210c20f2fd4,2021-06-25,180924286,118125509,3910471,0.23156810639912823
eeb0acb6-1727-4cc1-834f-afdb14755988,2021-06-26,181287479,118420068,3917993,0.20074308874155236
24ca670b-ba46-47af-83dc-630100c38af9,2021-06-27,181598524,118678807,3924070,0.17157555597096696
28b9d064-d065-4106-b5a1-7819eb2a9d89,2021-06-28,181931639,119006263,3930616,0.1834348609573501
eba3d3ec-e76c-4e18-bab1-52c723210913,2021-06-29,182313066,119299679,3938757,0.20965402284975843
c4abf919-c5e2-4236-945f-005ef0bbbe33,2021-06-30,182712486,119580620,3947956,0.21908468151152696
651c56d7-f69f-44be-ab3d-13590dba7545,2021-07-01,183148177,120008476,3956503,0.2384571572191295
b9b0138c-4a82-4162-984d-bebd5de73bfa,2021-07-02,183590581,120299518,3964846,0.24155522989453507
ae41526c-ecad-45d5-ad9c-becc959cf746,2021-07-03,183965141,120569293,3971764,0.2040191811365312
f3a4903b-7e43-4cb9-ade6-1dfb61033520,2021-07-04,184293366,120868181,3978382,0.17841695345967745
fe0f9b09-f6fb-4c6d-af50-0a1fae62778e,2021-07-05,184670047,121235174,3985742,0.204392056087358
eafaf6c2-1944-45de-9217-f3187b2299ba,2021-07-06,185120673,121563017,3994232,0.24401683289764906
c1318dff-069e-470d-8f5c-4185d61e36ba,2021-07-07,185585716,121831180,4002771,0.25121073322804954
9e58e09c-486c-46ed-b6ff-3438177a9075,2021-07-08,186067519,122123831,4011679,0.2596121136822836
144a4f04-7223-4021-af23-59c070da17cb,2021-07-09,186581412,122462949,4020050,0.27618630202727645
c8513d3b-edba-44d1-a7ad-172a4f765a77,2021-07-10,187003460,122907153,4026651,0.2262004534513867
a33279e8-b05b-4b65-b29c-e2c4c5833789,2021-07-11,187374019,123197639,4034264,0.19815622662810622
02d22778-1394-43bb-b24d-3b1b63253e13,2021-07-12,187806270,123499875,4042328,0.23068886620828685
ebf8fde9-6463-43c6-a4b1-1eb37a9e89e6,2021-07-13,188332239,123783322,4050711,0.2800593398718797
9cc2adc1-2e63-421a-9e0d-77fb95f4193f,2021-07-14,188870189,124113063,4059318,0.2856388278801273
e7d1be62-203c-4cf3-8a05-86bb180d1d01,2021-07-15,189446635,124394119,4067943,0.3052075094815519
79dd39bc-b3d0-44ab-a8cd-027b877c11da,2021-07-16,190042655,124784824,4076686,0.31461102489363296
755a1d6f-1e6f-4a93-b48d-6fba26009d8c,2021-07-17,190533173,125065613,4084203,0.25810942285562155
6f62ab9d-a4c3-4691-b3b3-771b3cc660cb,2021-07-18,190954486,125382096,4090742,0.22112317417817842
1d7dbb6d-c317-446f-8e08-cb9e668ee71e,2021-07-19,191440779,125688817,4097881,0.25466434970268254
5dcd7177-3a8a-4786-b985-6517c86588fc,2021-07-20,191973342,126008997,4118607,0.27818681201668116
2617a6ec-a741-4eae-ab8c-d613d91c7dd9,2021-07-21,192529117,126315580,4127267,0.28950634197950254
451e075f-ba5c-4ced-81aa-c1217b6d6a67,2021-07-22,193094481,126671708,4136039,0.29365116757897974
e6b4a6d8-92d9-4c9f-b34d-6904ded8a7b9,2021-07-23,193822688,126918098,4144358,0.37712470922459973
65f10ac2-f47a-4d58-8dff-87a87bde8fb4,2021-07-24,194255794,127435324,4153052,0.22345474849672914
66d153a1-ee0c-48fc-a483-4fa828bcb2ff,2021-07-25,194702066,127762741,4160384,0.2297342029345081
2e7dcea3-785e-462a-a09f-500c7c487b2c,2021-07-26,195240235,128063201,4168797,0.2764064147115932
b05c65af-1c10-40c6-aaec-c1f4c7d8463c,2021-07-27,195846899,128409040,4178640,0.3107269359719834
b2d3460f-0816-44b5-9912-2fea537d3ef5,2021-07-28,196496923,128745703,4188793,0.33190415744085894
c8b062ce-13cf-4817-ba92-855c3e445e17,2021-07-29,197139976,129094091,4199056,0.327258559667115
0e8f7cf3-168d-4348-841e-a97350f8f5f1,2021-07-30,197872571,129401282,4208607,0.371611590335184
53780d53-e55d-43df-8ae1-d8bd5dab54b5,2021-07-31,198391486,129705211,4217440,0.2622470600030764
ac8ed6b0-c892-448a-a1c3-1ca2e2ebd926,2021-08-01,198875665,129994389,4224807,0.24405230776889286
6cb51047-d155-41bf-8903-dd0964f4380d,2021-08-02,199443161,130277533,4232852,0.28535215708769596
6a40a70f-d59e-4637-adda-573fa3314c2f,2021-08-03,200077681,130582001,4243256,0.3181457798896398
fd1ffc6c-6517-4ae3-b7a6-153c90de4008,2021-08-04,200758017,130899061,4253756,0.34003592834525104
e2f5f2ec-1acb-49ca-be34-9081b1f1571c,2021-08-05,201443373,0,4264706,0.3413841251480383
48700c9e-85b5-4d1e-8167-ef9b26cf3b8e,2021-08-06,202263081,0,4275153,0.4069173325448637
27a13e97-2d9b-4617-9f38-4ac317c3ba4e,2021-08-07,202826624,0,4283820,0.27861881526466015
3960e0a8-7581-47ce-a306-5286d00f202d,2021-08-08,203296529,0,4291259,0.23167816469695812
9689886b-3d60-482e-a176-13e548b3cac7,2021-08-09,203910612,0,4300015,0.3020627076225192
f088b497-bf26-4404-a3c7-a6fe577f1ceb,2021-08-10,204556461,0,4311606,0.31673143131952347
04f0c60f-68e4-4768-b402-3891f18a1161,2021-08-11,205287051,0,4322122,0.3571581148932763
3735b0ba-6f0e-4f62-afaa-84bea77893ee,2021-08-12,205993035,0,4332626,0.3439008922194513
efd11c21-e816-4650-b0c4-10c45ae22c95,2021-08-13,206794999,0,4343083,0.3893160756624611
8cd524f9-1822-4baf-b335-89833da616bc,2021-08-14,207352369,0,4351807,0.2695277945285321
f2de127a-e81c-4d42-95da-07f5d82696d5,2021-08-15,207822568,0,4359219,0.2267632640358211
eaf4b0b2-62f8-46fb-abd1-665a4688675b,2021-08-16,208477534,0,4368979,0.315156340479827
c521553e-4711-4c5a-94e9-ae4ae20d8b86,2021-08-17,209159680,0,4379748,0.3272036017079903
bb867f42-0e74-4f5d-8f05-caf237aca55f,2021-08-18,209895653,0,4390561,0.35187135493800714
a9a93937-c3e7-44c8-b79c-c1587d8e69d9,2021-08-19,210607624,0,4402001,0.33920235594397946
b7cac584-8bc6-46bf-86cd-4d7a4480e81b,2021-08-20,211392868,0,4412487,0.3728469013068587
fcdc27ca-60b5-4b9d-85b2-54606777f6b0,2021-08-21,211958726,0,4421394,0.2676807431365187
5dcf9e81-b8bd-4379-a2e3-594c7ff1e26a,2021-08-22,212412489,0,4429082,0.21408083005745185
e58a34ad-e57f-4f50-a3ce-110a2a933d74,2021-08-23,213083549,0,4439029,0.3159230434892178
ad7e89f5-9a89-4e1d-b9a2-e31f6138b6a2,2021-08-24,213760144,0,4450069,0.317525685664265
e1c03dc3-53b4-4b06-aac3-4a1d66a7a3b5,2021-08-25,214497353,0,4461417,0.3448767324932191
72805182-e12e-4b57-beba-2db7f6bcea06,2021-08-26,215233641,0,4473015,0.34326204482346223
4954c69c-bb88-4862-90b2-f7ea114a00b3,2021-08-27,215985195,0,4483359,0.34918054469003756
a5948b5d-b3ec-41c7-b338-4951a6d967ae,2021-08-28,216551398,0,4491807,0.2621489866469783
297c7965-3be3-479b-ab14-e5ffd1ba771c,2021-08-29,217005390,0,4498545,0.20964630299916145
59f05534-c12b-4781-ac7a-3c7a3113b7c7,2021-08-30,217659628,0,4508005,0.30148467740824314
1e43b567-a224-4183-a6f7-8e3d5b50eb42,2021-08-31,218280898,0,4517214,0.28543189460932095
6016e0fe-fca0-4244-8789-350d9059b49f,2021-09-01,219000231,0,4529702,0.3295446402277491
2f6d2ee7-b5d5-4c83-b669-42c234fdcb6f,2021-09-02,219676549,0,4540913,0.30882067882385017
96f90699-3282-44bf-9253-12cf7441980a,2021-09-03,220400668,0,4551613,0.3296296319731425
6bb2b8c0-ef56-40d4-bc93-54f8daeb11b9,2021-09-04,220906759,0,4559352,0.22962316974465793
f9c00d87-287f-4a28-8d48-96118bbb1b5a,2021-09-05,221362690,0,4565831,0.2063906971719231
230b9b78-5625-4616-bbdb-8a6477ce8e76,2021-09-06,221821940,0,4573840,0.20746495265304196
60075951-a8e8-468c-ae76-e518c417ddd6,2021-09-07,222478184,0,4584328,0.29584269256683987
2467f6ea-8648-48bd-9444-cfb1c6381458,2021-09-08,223115208,0,4594429,0.2863309959416066
d0a15d30-8e69-46fa-9aa8-9a2845c3164a,2021-09-09,223755136,0,4605142,0.28681505206942237
cfbce8b2-682d-44c1-997e-146c7c697475,2021-09-10,224414378,0,4614334,0.29462653317598037
0e4f31aa-b0e9-4e25-ae39-fae214647383,2021-09-11,224892541,0,4622726,0.21307146371878188
34684175-8caf-4365-9009-ae3c0f50e306,2021-09-12,225269501,0,4628306,0.16761783130904284
64218bf0-cb34-4d90-8335-3f562e119a51,2021-09-13,225831661,0,4637341,0.24954998235646644
46e7f66c-0d20-451f-b1b6-6d9226befcd9,2021-09-14,226382316,0,4647239,0.24383427795804063
c52b245e-eaa8-43af-95e6-11c24ed506ea,2021-09-15,226949475,0,4657706,0.25053149469501845
af05935b-be8c-4ba1-81ca-fca7a043afd2,2021-09-16,227536585,0,4668180,0.2586963464004488
1bc2b2fd-53f4-45dd-ad6e-a9919eaef2a4,2021-09-17,228159977,0,4677223,0.2739744028416353
9e57a046-5b23-4abc-a233-43d7356c9896,2021-09-18,228691015,0,4683766,0.2327480949912613
8ba9a89e-0487-4e8e-918d-0dc8dbcd17ac,2021-09-19,229060019,0,4689794,0.16135483066529746
516c6524-71cb-418a-a993-b9a3cac12204,2021-09-20,229576329,0,4697932,0.22540380562877715
4a56d11c-64bb-4476-9634-c2ab718b22a1,2021-09-21,230065643,0,4707355,0.21313782746303955
2bd1ba73-32db-4ffd-90c7-d0c94e1797a7,2021-09-22,230600342,0,4717094,0.23241149483584558
05b15c9a-b35a-4742-a8c8-cb0f5de2da2b,2021-09-23,231148056,0,4726946,0.23751656014456388
7faeead2-924b-491a-a235-564c299e0c61,2021-09-24,231697328,0,4735665,0.23762778260181433
328bd719-8af9-42c8-8ba2-2e943d6e1a66,2021-09-25,232077347,0,4741180,0.16401527081917835
05d66a64-0670-40ab-bc4a-df735d979f76,2021-09-26,232439247,0,4746649,0.15593939032748422
a7e733e3-a880-4f70-9b33-c00008c6e751,2021-09-27,232909032,0,4754271,0.20211087674019182
83bb4468-0a3b-4ee3-9baf-32f999efd01b,2021-09-28,233360421,0,4763667,0.19380484995532504
68fa245b-e414-46de-9e65-c825940681e9,2021-09-29,233851041,0,4772938,0.21024130737234142
a3f26133-eb52-46e9-9c62-f28153fd32ce,2021-09-30,234340438,0,4781771,0.20927723815435142
5a1050c3-44e8-4edf-b56d-58f0917412d0,2021-10-01,234862666,0,4790395,0.2228501424922659
d7eb7274-b510-4f86-bb73-83439a008b81,2021-10-02,235219823,0,4796358,0.15207057217003575
a21fe2b2-85e4-499e-89ea-c6dcf88ef218,2021-10-03,235534134,0,4800641,0.13362436719459653
574a7d5d-19eb-44db-98b1-0c5756171f0e,2021-10-04,235968653,0,4807688,0.18448239014053056
17740e3a-a1e9-4ec1-a9f5-34a28b84dbf2,2021-10-05,236391351,0,4815096,0.17913311561769182
6f584d61-f7f2-4cb3-b022-f374362a4847,2021-10-06,236898796,0,4824263,0.21466309907421272
63c3ee7e-e8b3-4ca6-95ff-59f4bde47f44,2021-10-07,237360236,0,4833182,0.19478359864690914
b63ebacb-f428-4f01-b402-dd32f38dd413,2021-10-08,237836322,0,4840732,0.2005752977090906
d169ceaf-6258-4769-ab0d-b5adc16cbe50,2021-10-09,238183753,0,4845634,0.14607987420861646
4b23d1d8-0f90-4a82-b9b9-9f6fc23aaec6,2021-10-10,238506140,0,4850329,0.13535222110636572
69c10517-2f21-4525-a9b9-3b8187a51ffe,2021-10-11,238880802,0,4856064,0.15708694124184813
d9746768-e311-4495-b3db-57d496f360de,2021-10-12,239319201,0,4864132,0.18352207307140572
647da0b8-cde7-43dc-bbe6-ae87afebf5e9,2021-10-13,239776316,0,4873048,0.1910064040369247
82f06522-eb18-4cb7-811b-80ab70cad897,2021-10-14,240229852,0,4881003,0.1891496239353348
84215daa-6ce1-475b-a344-502a658189a2,2021-10-15,240688651,0,4888198,0.19098334207024364
9c35dda0-6a97-4aa9-8d60-af52aee78664,2021-10-16,241039445,0,4893557,0.14574596622754762
2cee0bae-9a3b-4a08-8357-8342da0df942,2021-10-17,241359592,0,4897845,0.13281934000470338
0e6c9a4d-a77e-4a7b-bca2-b1b05442e22d,2021-10-18,241769765,0,4904250,0.16994269695318345
262a9bc3-6736-4ba7-8ba2-a9b2e96d44fc,2021-10-19,242201982,0,4912482,0.17877214712931538
f6e0169b-dfb7-4f9d-89cf-54692c164770,2021-10-20,242678202,0,4921159,0.1966210169163686
fe6ad894-e650-4c1d-a825-e3bfcde24c34,2021-10-21,243140623,0,4928821,0.19054904651057206
b3ccc14a-1cd2-4ae8-9fde-0667e8c3891d,2021-10-22,243633498,0,4937006,0.2027119096425117
fa925dcc-e3ca-4d63-9e2f-b89fef563fb9,2021-10-23,244017010,0,4942892,0.1574134932791549
702f4636-79bd-48ff-a9a0-3d955e38b58f,2021-10-24,244337844,0,4947423,0.13148017836953252
8aa13f39-09f2-469c-99ba-f2b4f3b02417,2021-10-25,244764051,0,4954116,0.1744334782621721
8a3484df-a42a-4767-95c7-7cf983c2667c,2021-10-26,245190193,0,4961902,0.17410318151663537
9e1aae59-dec8-4b4f-b075-9cf440d7856c,2021-10-27,245704870,0,4971047,0.2099092927423896
1289ccee-d6a9-43e9-baf4-846a0e035c7c,2021-10-28,246188053,0,4979941,0.19665177983651688
e27546eb-2789-42af-b537-fcd45ceef723,2021-10-29,246684172,0,4987742,0.20152033941305839
09f47996-dfc9-436a-a7e9-8a3735217d6e,2021-10-30,247078252,0,4993808,0.15975082503469254
203c5f89-a936-4f62-b5b5-97e1bed68f23,2021-10-31,247441791,0,4998323,0.14713516752579262
73f5d5d8-809e-41f8-a5bb-57d4463a30c9,2021-11-01,247862939,0,5004550,0.17020083725468993
df22bc94-9bf2-44aa-96b9-627fc82accd2,2021-11-02,248267015,0,5011705,0.16302396866197089
089563c1-dc48-4d42-8dab-2a644183ae9c,2021-11-03,248791446,0,5020142,0.21123667999150028
be276c3c-f072-4a29-b4db-4ffe5ba10c49,2021-11-04,249311355,0,5027749,0.2089738246064939
0b1be229-c3f0-47b4-a310-0bce711467bd,2021-11-05,249835638,0,5036379,0.21029246742491933
3bb7dc3f-7521-4659-b916-ae7fb5f085b4,2021-11-06,250273075,0,5043130,0.1750899125128017
5c6e823d-0905-40f5-b5d6-670f1463ed4a,2021-11-07,250633834,0,5047630,0.14414614916127114
f1986629-bd87-4c5e-a30c-e604eb934524,2021-11-08,251104863,0,5054205,0.18793512132124987
1883030e-81cb-4883-9680-148cc2c386b6,2021-11-09,251572196,0,5062306,0.18611069272680714
37ce4b3b-0346-43b4-8755-a8218430504a,2021-11-10,252149324,0,5070583,0.2294084994988874
25105ffb-57aa-4505-a460-4f090f84bff4,2021-11-11,252670145,0,5078264,0.20655260610573756
ec5186d7-d490-4b21-957d-a78e0fa5fd95,2021-11-12,253268010,0,5087293,0.23661877425209854
4fdc7525-68d1-438c-b816-b9391f7d817d,2021-11-13,253709049,0,5093750,0.17413924482606388
564fbc5b-8906-49f6-8807-8a4781d015b6,2021-11-14,254087547,0,5098387,0.14918584949644426
857b195a-dac7-46af-8e21-cbd3d537463c,2021-11-15,254614006,0,5105091,0.2071959079521516
503c9350-b061-48e9-bdfd-e8ac8126b6c9,2021-11-16,255119474,0,5112782,0.19852325013102382
b9c42009-60d8-4667-897b-c5d77a0d8521,2021-11-17,255738287,0,5121983,0.24255812004378782
af9fbb94-c22a-4821-9b80-cd8c19e78e3c,2021-11-18,256359795,0,5130367,0.24302501095582923
22249bf1-21b2-4d73-9152-ea33c90505f1,2021-11-19,256975937,0,5138374,0.24034267931911865
9ce4b4ac-aed9-4aba-8afc-9022e8065408,2021-11-20,257476267,0,5144616,0.19469916360301082
bb3e4ce8-b38b-471c-9302-769862aa9300,2021-11-21,257896926,0,5149188,0.163377776484541
40129892-422a-468f-8b47-011637419f76,2021-11-22,258498491,0,5156226,0.23325791793268602
c954f1ff-6d7b-4d97-be18-91cbcf98a132,2021-11-23,259088786,0,5164266,0.22835529821332692
5b856581-ef25-4c8f-adc1-3c72fbb8e1c3,2021-11-24,259749821,0,5172889,0.25513840649205094
2ce0e050-9c28-43c0-b443-58782ebac152,2021-11-25,260348236,0,5180720,0.23038129446872652
3afb785c-7963-4f32-813d-aa3745cf2766,2021-11-26,260958536,0,5187603,0.23441679858357098
50de7962-f286-4e1a-806f-327e87c97ebe,2021-11-27,261442001,0,5193759,0.185265064485187
85c60985-85d3-4306-88d7-3a9d512388a0,2021-11-28,261872471,0,5198598,0.16465219756331348
917e59ed-bc4e-4c88-85bd-f01688603298,2021-11-29,262503351,0,5206035,0.24091115709524125
b167b888-cc96-4416-a6fe-b8505e631b4a,2021-11-30,263103570,0,5214076,0.2286519382375427
d0eaad30-fea2-47d0-a867-dd99843f65e7,2021-12-01,263808393,0,5223401,0.26788804119989706
98422ab7-adb5-475c-9221-3061dfdb95eb,2021-12-02,264514416,0,5233564,0.2676271941052308
2b2c4049-535f-4a51-a77e-eedda308e0b8,2021-12-03,265243812,0,5242115,0.27574905407045947
98b4d5c1-05fa-448b-abcb-c75323cd64ab,2021-12-04,265779007,0,5247925,0.20177473546489372
fecb3a55-54e1-4adb-aa00-0c829fd3738b,2021-12-05,266238363,0,5255326,0.17283381602821626
41677df9-802c-4b5d-ac42-304839af4739,2021-12-06,266837354,0,5262171,0.22498297888047034
8e6e001a-1bf7-48e7-9806-f8e991cd5a17,2021-12-07,267477689,0,5270013,0.2399720243066119
aa653d98-7531-4c39-9ed1-208dfb659a4b,2021-12-08,268190740,0,5278327,0.26658335604208094
4af5c77a-4e44-4419-b72d-8c9a73f374eb,2021-12-09,268888034,0,5286892,0.2599992826001375
e3769cbe-04e5-498e-96e0-8971ba920793,2021-12-10,269581599,0,5294954,0.2579382167672065
93c09cf0-4e35-41c9-b540-a89915aae04b,2021-12-11,270102238,0,5301315,0.19312853767886434
642e1aa4-f13d-4a3f-9ae4-e84b4ae83d44,2021-12-12,270557955,0,5305892,0.16872018661318902
3db6f216-89e1-4555-b316-3666292a396c,2021-12-13,271168627,0,5312131,0.22570838843012395
df9e2b0f-6195-4523-9d17-cb83dcbb2005,2021-12-14,271806819,0,5319931,0.23534875957460966
eb942916-89eb-407b-8b6c-f95ba4412d5a,2021-12-15,272546235,0,5329015,0.2720373251562905
670bd259-d8d6-4668-8a04-160e0e735f71,2021-12-16,273288914,0,5336420,0.27249651788438756
9b11a910-8903-4b06-88b4-5151c1d0b0ad,2021-12-17,274056452,0,5343698,0.2808522265926967
9fbc9949-ccbb-4fd1-b8e4-7c118514bfe5,2021-12-18,274626704,0,5349753,0.20807829767861113
bfc585f4-73b1-492e-8769-311b28957eba,2021-12-19,275139094,0,5354168,0.18657690331527263
cda0175b-68bc-4100-be9d-5cf55241a9f2,2021-12-20,275875635,0,5360781,0.26769769039073743
8a0fe958-bb97-4b9d-8b5d-6597668a0929,2021-12-21,276632039,0,5368447,0.2741829665385274
d1fa2399-5bfe-4887-a361-3dd32747f8f6,2021-12-22,277542581,0,5378823,0.32915276310420427
e66b4c5e-67b6-4bc6-a6a0-ce2e55c5e069,2021-12-23,278549328,0,5386072,0.362736051661925
d06a4ea9-2dc1-4c03-8c0f-a2a667393490,2021-12-24,279441137,0,5392175,0.3201619642751391
5e072d71-db77-4048-9cf6-e4091031d215,2021-12-25,280143261,0,5396516,0.2512600712757621
c46c76c8-4b90-4d30-bc64-4d1246c0cd94,2021-12-26,280723328,0,5400289,0.2070608437730722
0014ad0e-e5b2-4c41-be9c-b2c082d5c8e5,2021-12-27,281991534,0,5406610,0.4517636667516281
d3ae8cee-9d37-47dd-ba1f-731fde4957e2,2021-12-28,283318084,0,5414187,0.47042192408513933
e94495b0-a58f-4a39-82be-47e0b0e8aa7e,2021-12-29,285014489,0,5422062,0.5987634026213449
8fe2bf4e-bacf-459e-a7ad-f387ad24d594,2021-12-30,286956973,0,5429648,0.6815386848631404
18680889-8635-48ce-a34a-fe30ba05e7f5,2021-12-31,288702918,0,5436385,0.6084344219786567
44b8d96d-428b-49f2-ba89-1c064bbe6520,2022-01-01,289928499,0,5440821,0.4245128551142666
97ea4db2-134b-42e0-b096-31fd6987fa48,2022-01-02,290848465,0,5444100,0.3173078890737126
b79d7572-2923-4ad3-8a7e-3206364d4a26,2022-01-03,293207625,0,5449830,0.811130290819998
565ce782-6554-47e6-b194-361c105799d9,2022-01-04,295707620,0,5457794,0.8526364210344121
1a9f275d-5254-4955-b411-57da612c8c97,2022-01-05,298281697,0,5465721,0.870480442810368
efe5df32-27e1-466c-9763-38e6940d8ffe,2022-01-06,300939650,0,5473352,0.8910881984153389
540954dc-2a78-4571-bfa6-41f49feaa1d1,2022-01-07,303883455,0,5480605,0.9782044340119357
9f4932bc-62cd-4011-bd1f-e6f8194ca1f6,2022-01-08,306062481,0,5486154,0.7170597688511867
338263ca-7d4e-482c-98ee-350fdcb21407,2022-01-09,308098481,0,5490156,0.6652236475858666
177177cb-25ed-4a5a-8a94-8edbe3aa1de0,2022-01-10,311286657,0,5496572,1.0347912101520553
bdf4cbe0-12c9-4e3c-ad00-58feb9e0f68d,2022-01-11,314318499,0,5505829,0.9739710751559775
51ddeba1-1af9-42e8-afce-b1d7173a6d83,2022-01-12,317771465,0,5515029,1.0985564040887075
1bb3da36-9474-4c27-a234-2a0851a10d85,2022-01-13,320953420,0,5523359,1.0013344023825426
e76d90d8-1542-40b6-91f4-472d0ef7685b,2022-01-14,324269276,0,5531354,1.0331268630818764
67b115f9-9e42-48da-b6c1-adc98af4e8bd,2022-01-15,326766141,0,5537758,0.7699974017889996
9d41aa7b-6584-4a9c-9a6c-1ab628e6cae7,2022-01-16,328944049,0,5542128,0.6665035714333695
04b25e48-31fd-4bad-a0c3-158d86e2733f,2022-01-17,331605207,0,5548217,0.8090001956533344
12dd48a5-ce79-4e2e-bc61-59e1499c2de4,2022-01-18,335365768,0,5557505,1.134047632732136
91a91b7b-bb2b-44b2-8929-f63e63ebdbbd,2022-01-19,339454794,0,5567559,1.2192735186973525
04d4ec0d-38af-4fce-bb09-8b96b3b85b87,2022-01-20,343160300,0,5577247,1.0916051461037843
38cd1e02-ffda-4700-b350-5b67fe2298a7,2022-01-21,346995996,0,5587202,1.1177563371986796
48186f39-e192-4261-9ea0-bed1b81af29b,2022-01-22,349785095,0,5593449,0.8037842027433654
48afe938-8464-4f56-967a-24ff2698a89d,2022-01-23,352241709,0,5598467,0.7023209493817911
9de9a003-1766-435d-8b3c-0b50f79d3095,2022-01-24,355664142,0,5606968,0.971614920253524
f518b9b2-fe48-409f-a6d1-9355c4741e00,2022-01-25,359315173,0,5617692,1.0265389643918617
88c54367-ea4d-4f91-81bb-1f31f44e5b35,2022-01-26,362977513,0,5628287,1.0192555937513943
6bc4b154-1df6-4710-8d36-8f777d00052b,2022-01-27,366733894,0,5638821,1.0348798108603494
3c37de89-043b-4dd4-b4cc-507580f78f36,2022-01-28,370353940,0,5651060,0.9871042898478318
70d294d4-18b7-45b7-a571-6725c5cd68b5,2022-01-29,373094973,0,5659104,0.7401117428371357
4f9b75e5-d662-4796-b6e6-669e3030fb16,2022-01-30,375411593,0,5664764,0.6209196498608411
10a0c0b5-a44a-40a3-8dbd-91d9f6190a0d,2022-01-31,378898305,0,5674484,0.9287704655407378
dbb66aea-83eb-43ed-8b40-bebe5554e2b8,2022-02-01,382058803,0,5688480,0.8341283025797649
14df70fb-9d98-4328-b69b-a8e2f04c4094,2022-02-02,385247362,0,5700656,0.8345728393019124
43810221-fe5e-4d89-af25-b76560dc3abb,2022-02-03,388420043,0,5712365,0.8235438611517345
07a0590b-0bc6-4382-aa18-b549937b90fb,2022-02-04,391364751,0,5725509,0.7581246264369524
5c2d20c1-c3bc-450b-b1f0-67d8f91f12e6,2022-02-05,393664575,0,5733888,0.5876420894123906
ebc4a81d-66b0-48e2-847e-8c52d91f3247,2022-02-06,395536584,0,5739758,0.4755340253818876
ccc7177b-817a-4387-ae1a-781543bcbeb7,2022-02-07,398132675,0,5750605,0.656346620013283
3fed2088-3868-4b9d-86f3-08c70de47c87,2022-02-08,400757381,0,5763661,0.6592541041751974
3ea16a48-d7a4-471b-8f21-f1894d456ff8,2022-02-09,403196058,0,5776954,0.60851705186685
3ff686e4-a36e-4a02-8369-4e23d21a8760,2022-02-10,405975896,0,5788716,0.6894506890243456
0d86e83b-4494-489a-b7f8-0eacb6601a4b,2022-02-11,408397574,0,5800898,0.5965078281396293
aee7477b-021d-44eb-bfeb-2b408115efb2,2022-02-12,410316973,0,5809724,0.46998295832188264
2189695e-adbf-4c3a-9390-e34da1062ed0,2022-02-13,411834455,0,5814923,0.3698316423288685
937c98ef-b699-4966-9e4c-dd3de3ca0fee,2022-02-14,413533932,0,5825785,0.4126602277606909
5ae5b20b-f2d4-4deb-b61c-1e94d5f6cbf6,2022-02-15,415413492,0,5836502,0.45451167475175897
19eb589e-c433-4d01-8694-f455cf24c540,2022-02-16,417650987,0,5849486,0.5386187601244304
bab7187a-b307-4d66-a82a-fca5f4ed329b,2022-02-17,419707976,0,5861869,0.49251386062209884
64b9f3d1-5c8a-4a81-817d-d82c18f1770b,2022-02-18,421687213,0,5872514,0.47157478846673145
4d6113bc-bbcc-4c63-8ea0-fb659781b98d,2022-02-19,423315769,0,5881022,0.38619999606201005
d513ec5c-8c06-4455-8e84-a43cbeecdc34,2022-02-20,424641031,0,5886415,0.3130670050706285
ce095d41-a762-4a2f-8d5f-31452ea612e1,2022-02-21,426036968,0,5893583,0.32873342378447645
22f34695-8beb-4556-a8a6-a44dcdaa587d,2022-02-22,427749047,0,5903733,0.401861605587241
f5dba080-c918-4537-bc53-e4b6813fbccf,2022-02-23,429676087,0,5915748,0.45050714046359996
d547a325-cf7b-434c-a4e3-494fb55d0e13,2022-02-24,431444205,0,5926525,0.4115002099244122
e379ccbb-0211-47d0-a58f-c112c2ab5b15,2022-02-25,433081005,0,5935378,0.3793769810861175
fbd14382-f9c2-412f-85b3-08276d06562e,2022-02-26,434510151,0,5941897,0.32999507794159666
e5211ab9-d132-4e46-aa16-a71738b08872,2022-02-27,435657010,0,5946387,0.263942970575157
c2598308-c296-496f-8420-29df24bc785e,2022-02-28,437015803,0,5954001,0.3118951305294043
8c8a0277-7401-44dc-970f-39cefbab4f08,2022-03-01,438639552,0,5962176,0.3715538405827397
1f22e1a6-cd79-49ee-8fbc-ab5f79f52c19,2022-03-02,440300042,0,5970165,0.37855455405900107
c908a956-6c2c-403d-b62f-dc0dde0751a1,2022-03-03,442056325,0,5978342,0.3988832233633991
0f0eed09-ba19-4d0a-b7b4-e548286907f2,2022-03-04,443810172,0,5986924,0.39674740543526893
376c34d9-3b02-484b-9d2d-e796ca0eac77,2022-03-05,445279837,0,5992605,0.3311472094875734
717fd4ff-19fb-4240-9be7-34e6f03297da,2022-03-06,446492187,0,5996677,0.27226698791663456
2e649d85-63a3-4a1a-b61d-56f77db5924a,2022-03-07,447915024,0,6004209,0.3186700778708139
53bbfdc2-fd0d-43d8-8aff-f24ca159ad55,2022-03-08,449665818,0,6011475,0.39087637301489575
e7bd9fb2-4c75-478c-a43c-cae8c7ef5cf6,2022-03-09,451505161,0,6019271,0.4090466578449154
d98468be-ea0a-4ca2-89ae-afb7da8228c3,2022-03-10,453366072,0,6026792,0.4121571934811173
11fe2f6f-2c3e-4596-91b3-7a50d42655d5,2022-03-11,455216502,0,6033268,0.4081536123417722
693e7d7b-c662-4ec9-8c00-4b9bad6cee13,2022-03-12,456964861,0,6037979,0.3840719728565552
3ae589de-6ef4-40a7-a17f-9b8e0958f327,2022-03-13,458246184,0,6041327,0.2803985840828142
a0ba5a15-53f8-4f79-ac28-c16e3a72a5cb,2022-03-14,459875566,0,6046593,0.355569136610639
239b9b9d-1b71-4966-b6c3-b1ef6b488945,2022-03-15,461678072,0,6051908,0.39195515771324974
837a694d-5b8b-4bc2-bcaf-7fcb880f338b,2022-03-16,463901519,0,6058692,0.4816011707829173
4b0fa437-d546-4452-b8ba-eb2f81e220ef,2022-03-17,465954428,0,6065766,0.4425312088706483
895c0985-2ca2-4d33-b60d-b7c3d9f03216,2022-03-18,467868149,0,6071185,0.41070990745043423
91ade71c-ed21-4861-bdd1-61bdd791a250,2022-03-19,469577252,0,6075019,0.36529586458342134
6f9b4489-aec8-494b-91a6-fe0075972956,2022-03-20,470647389,0,6078084,0.22789370554943322
1dacd54c-5728-46e1-97d0-773b78388242,2022-03-21,472118029,0,6094399,0.3124717217968036
267fce5d-3dbc-4350-9f6f-b50dfa141c57,2022-03-22,474093465,0,6099303,0.4184199455767871
9e008152-2955-463c-85c9-f63e56005040,2022-03-23,475866103,0,6105144,0.3739005345707518
905cbd05-3bce-4f67-828f-820d5a17a84c,2022-03-24,477617482,0,6110404,0.3680402930485679
e873b037-7b55-4bc9-a167-4f04295bf094,2022-03-25,479458583,0,6119371,0.3854760492204931
68ff63d1-09b0-4d95-8379-7583becb3d1f,2022-03-26,480815100,0,6122298,0.28292683624770987
5ba85e83-ed49-4971-866b-d51f6457d502,2022-03-27,481727049,0,6124662,0.18966729622260198
b62c30eb-58cc-4515-97b6-5e81d967c1b7,2022-03-28,483219734,0,6128734,0.3098611554195704
dc2b5228-3c1f-417f-a256-5cd5a5edb0ce,2022-03-29,484968478,0,6133504,0.36189416055595114
d199c794-dd8d-4287-bdf9-41cba6d7f1b1,2022-03-30,486560758,0,6138489,0.3283264938303887
28ae7975-a78e-4654-a2f1-6c6bd7efd01b,2022-03-31,488406809,0,6143294,0.3794081149470751
e62f895b-a091-4c6e-a552-b785b943563e,2022-04-01,489571518,0,6147833,0.23847108159378672
9284b2d4-00de-403d-80ff-8e3ac3897f79,2022-04-02,490616434,0,6150482,0.21343480198127046
e7d6fdce-18af-41c3-bd72-b02ceaaf422e,2022-04-03,491405149,0,6152101,0.16076000421950806
27ca6662-096f-4e7d-bd1c-b1006cc3d0eb,2022-04-04,492310289,0,6155027,0.18419424416735203
8d0bc6a0-2173-48bd-9da6-7b5218dec10c,2022-04-05,493669057,0,6159243,0.2759982942383721
08b0f757-b361-4061-b9c4-d0ba775eb10a,2022-04-06,495122641,0,6166840,0.2944450293954721
02d372d5-2bd1-40cb-8ad5-3bee44631fc5,2022-04-07,496338419,0,6170907,0.24555087958500368
1162107d-0904-4407-a8a6-89af93caf089,2022-04-08,497531675,0,6175012,0.24041177437042205
2bd7e822-ab6b-4960-ad32-92659a4ccbc7,2022-04-09,498299996,0,6177309,0.15442654982720447
47ec3bea-e918-4e50-88d4-51516b27f04a,2022-04-10,498868313,0,6178789,0.11405117490709352
9a36f4d5-64ad-4203-b39c-2281f1656b02,2022-04-11,499843502,0,6181737,0.19548024490382895
6fc379e6-0ce0-4d6b-b817-2fa5e357b61e,2022-04-12,500880363,0,6185040,0.2074371269909997
3486df41-b5a3-4616-9c6f-f9d562d5a97c,2022-04-13,501920234,0,6189593,0.20760865803796744
823a4979-7c7c-4e51-88f7-d260f5ea4745,2022-04-14,502892186,0,6193401,0.19364670602221626
120409a0-b9f7-4816-b4bd-fe2e2c299614,2022-04-15,503606396,0,6195647,0.1420205005929442
90daf152-be72-4cab-8055-9be87344c735,2022-04-16,504155459,0,6197159,0.10902621657728111
