timeid,Date,Confirmed,Recovered,Deaths,Increase rate
21f48000-3caa-11ea-b984-e433760b74c1,2020-01-22,557,30,17,
4c5e4000-3d73-11ea-b1cb-85ed6b146165,2020-01-23,657,32,18,17.953321364452425
76c80000-3e3c-11ea-b6be-6875b67b629d,2020-01-24,944,39,26,43.68340943683409
a131c000-3f05-11ea-88cb-df8be09e8e7a,2020-01-25,1437,42,42,52.22457627118644
cb9b8000-3fce-11ea-94c2-4a4cede606a3,2020-01-26,2120,56,56,47.529575504523315
f6054000-4097-11ea-bf1e-7b82cc0781ad,2020-01-27,2929,65,82,38.160377358490564
206f0000-4161-11ea-8813-12f7e3519ec1,2020-01-28,5580,108,131,90.5087060430181
4ad8c000-422a-11ea-b5b4-f2cd626bee0a,2020-01-29,6169,127,133,10.555555555555555
75428000-42f3-11ea-bc46-d0949a0462d4,2020-01-30,8237,145,171,33.52245096449992
9fac4000-43bc-11ea-83b4-b369b5dfebbc,2020-01-31,9927,225,213,20.51717858443608
ca160000-4485-11ea-b12b-c28592c407cb,2020-02-01,12038,287,259,21.2652362244384
f47fc000-454e-11ea-b3cc-b2f17f46acf2,2020-02-02,16787,476,362,39.45007476324971
1ee98000-4618-11ea-9e4e-ebd1f947a84d,2020-02-03,19887,627,426,18.466670637993683
49534000-46e1-11ea-adbb-07b5f1785483,2020-02-04,23899,857,492,20.173983003972445
73bd0000-47aa-11ea-9996-ccc9fb1971ae,2020-02-05,27644,1130,564,15.670111720155655
9e26c000-4873-11ea-91d4-562b52175115,2020-02-06,30806,1493,634,11.438286789176674
c8908000-493c-11ea-b16c-f9833bc8e492,2020-02-07,34400,2016,719,11.666558462637148
f2fa4000-4a05-11ea-976c-25219703c568,2020-02-08,37131,2617,806,7.938953488372093
1d640000-4acf-11ea-bbc7-b831efc330a3,2020-02-09,40162,3247,906,8.162990493118958
47cdc000-4b98-11ea-b986-1d4a75e66d22,2020-02-10,42771,3949,1013,6.496190428763509
72378000-4c61-11ea-8722-d60d47ce828d,2020-02-11,44814,4684,1113,4.77660096794557
9ca14000-4d2a-11ea-95de-2c91a85b6566,2020-02-12,45232,5151,1118,0.9327442317133039
c70b0000-4df3-11ea-9e19-60d3d9e6fd83,2020-02-13,60384,6294,1371,33.49840820657941
f174c000-4ebc-11ea-8b82-73b1da9da994,2020-02-14,66912,8061,1523,10.81081081081081
1bde8000-4f86-11ea-a36b-45bf459ccca8,2020-02-15,69055,9397,1666,3.202714012434242
46484000-504f-11ea-9523-1fd71180250f,2020-02-16,71238,10867,1770,3.1612482803562383
70b20000-5118-11ea-91d5-5e6809960c00,2020-02-17,73273,12587,1868,2.856621466071479
9b1bc000-51e1-11ea-8c11-b63c22ef7b29,2020-02-18,75155,14352,2008,2.568476792270004
c5858000-52aa-11ea-9098-1c739d706826,2020-02-19,75655,16123,2123,0.6652917304237909
efef4000-5373-11ea-8492-ab68bf3cd3ba,2020-02-20,76216,18181,2248,0.7415240235278567
1a590000-543d-11ea-a88e-85f01df195df,2020-02-21,76846,18894,2252,0.8265980896399705
44c2c000-5506-11ea-b212-62637a4161d5,2020-02-22,78608,22892,2459,2.292897483278245
6f2c8000-55cf-11ea-803f-6056a7ae3224,2020-02-23,78990,23397,2470,0.4859556279259108
99964000-5698-11ea-9a6f-79b5c3fdb0af,2020-02-24,79558,25229,2630,0.7190783643499177
c4000000-5761-11ea-ab3a-54f056770c7e,2020-02-25,80412,27907,2710,1.0734307046431535
ee69c000-582a-11ea-a408-38f47a65076d,2020-02-26,81385,30388,2771,1.2100184052131524
18d38000-58f4-11ea-87e7-7585651d4741,2020-02-27,82730,33282,2814,1.6526386926337777
433d4000-59bd-11ea-bdff-d6f83ee19398,2020-02-28,84154,36714,2873,1.7212619364196786
6da70000-5a86-11ea-a3dd-38d53b10c5cd,2020-02-29,86030,39785,2943,2.2292463816336716
9810c000-5b4f-11ea-b27d-2a29d2628ca8,2020-03-01,88410,42721,2997,2.7664768104149715
c27a8000-5c18-11ea-8dd0-6841f0291968,2020-03-02,90393,45605,3086,2.2429589412962336
ece44000-5ce1-11ea-9e80-8788617fd06d,2020-03-03,93004,48227,3160,2.8884980031639618
174e0000-5dab-11ea-89cc-800876e43a46,2020-03-04,95329,51170,3255,2.499892477742893
41b7c000-5e74-11ea-b1f8-09f79cbfd5c4,2020-03-05,98046,53796,3348,2.850129551343243
6c218000-5f3d-11ea-989c-c354fa6a5305,2020-03-06,101976,55864,3461,4.008322624074414
968b4000-6006-11ea-b7a1-31438d53b6e3,2020-03-07,106122,58358,3566,4.065662508825605
c0f50000-60cf-11ea-8715-cea131733580,2020-03-08,109972,60695,3807,3.6278999641921565
eb5ec000-6198-11ea-a58f-8b6df37b7313,2020-03-09,114299,62495,3997,3.9346379078310845
15c88000-6262-11ea-881b-0a79fdc2ac75,2020-03-10,119108,64402,4273,4.207385891390126
40324000-632b-11ea-a5fc-d6c2916e219c,2020-03-11,126628,66999,4618,6.313597743224636
6a9c0000-63f4-11ea-a730-3ae0d9519fe3,2020-03-12,133383,68328,4930,5.334523170230913
9505c000-64bd-11ea-b37a-7facb2ce34b5,2020-03-13,146673,70255,5420,9.963788488787927
bf6f8000-6586-11ea-a1dd-b114bd3c3a77,2020-03-14,157617,72622,5843,7.461495980855372
e9d94000-664f-11ea-ad53-33150c702b97,2020-03-15,168876,76031,6496,7.143265003140524
14430000-6719-11ea-80b4-d62f0975138b,2020-03-16,183394,78086,7178,8.59684028517966
3eacc000-67e2-11ea-aca5-ad026f6e7655,2020-03-17,198691,80830,7989,8.341058049881674
69168000-68ab-11ea-a630-b36cd37f5862,2020-03-18,216348,83317,8907,8.886663210714124
93804000-6974-11ea-92ad-81521b6c25ae,2020-03-19,243464,84958,10017,12.533510825152069
bdea0000-6a3d-11ea-a6e1-f9383ab07e03,2020-03-20,273008,87403,11504,12.134853612854467
e853c000-6b06-11ea-bde7-5d71a80c9267,2020-03-21,305423,91650,13233,11.873278438727072
12bd8000-6bd0-11ea-b8ed-2d34d2def4f8,2020-03-22,339895,97867,14919,11.28664180497212
3d274000-6c99-11ea-9668-2be3e34769da,2020-03-23,382799,98355,16886,12.622721722885007
67910000-6d62-11ea-81ef-ce7fa6dcdde3,2020-03-24,424883,107974,19201,10.993759126852472
91fac000-6e2b-11ea-aa4c-1496d68951f9,2020-03-25,475998,113753,22022,12.03037071382004
bc648000-6ef4-11ea-a3a2-b467a0c3b55a,2020-03-26,537412,122125,25058,12.902155051071643
e6ce4000-6fbd-11ea-b739-365979205163,2020-03-27,601349,130910,28538,11.89720363519981
11380000-7087-11ea-878c-ca3e66a368e6,2020-03-28,670495,139421,32374,11.498480915408523
3ba1c000-7150-11ea-8afc-ccc71886b53e,2020-03-29,726726,148877,35838,8.386490577856657
660b8000-7219-11ea-9436-752ed87d0487,2020-03-30,791975,164213,39895,8.978487077660631
90754000-72e2-11ea-8d30-37b12d5b49d8,2020-03-31,870403,177803,44661,9.902837842103601
badf0000-73ab-11ea-9785-3441fbd74a2b,2020-04-01,951968,193075,50714,9.37094656153529
e548c000-7474-11ea-81de-9e82a1bf17d1,2020-04-02,1034275,210218,56593,8.645983898618441
0fb28000-753e-11ea-a356-3f8118cd280b,2020-04-03,1118277,225640,62818,8.12182446641367
3a1c4000-7607-11ea-92f6-937b3c9ae42c,2020-04-04,1178363,246052,68781,5.373087347768039
64860000-76d0-11ea-8772-aca6f9360201,2020-04-05,1250388,259888,74091,6.112293070980674
8eefc000-7799-11ea-96ac-02c1c7b0efc3,2020-04-06,1324899,276597,79957,5.959030316989606
b9598000-7862-11ea-8444-024fe7e3db9a,2020-04-07,1393878,299859,88306,5.20635912624283
e3c34000-792b-11ea-a517-515583c70c25,2020-04-08,1475875,328741,95132,5.882652570741485
0e2d0000-79f5-11ea-abed-4fc059856576,2020-04-09,1562641,353995,103003,5.878953163377657
3896c000-7abe-11ea-a073-b298f4144a24,2020-04-10,1649186,375733,110565,5.538380216569257
63008000-7b87-11ea-839e-c402d8891b77,2020-04-11,1724605,401983,117084,4.5731045497597
8d6a4000-7c50-11ea-a0ac-cc66389be25a,2020-04-12,1843412,421366,122922,6.888939786211916
b7d40000-7d19-11ea-aaba-3062f9318402,2020-04-13,1915034,448623,128975,3.8852953110861814
e23dc000-7de2-11ea-a9ac-b56fb50f0e62,2020-04-14,1999558,473697,136189,4.413707537307432
0ca78000-7eac-11ea-a6d8-6d4a246a2fe3,2020-04-15,2077371,510236,144551,3.891510023715241
37114000-7f75-11ea-ba6c-7b92fa30644b,2020-04-16,2171785,541119,152026,4.5448790803376005
617b0000-803e-11ea-ac13-630b6041cbd5,2020-04-17,2259607,567303,160597,4.043770446890461
8be4c000-8107-11ea-b42e-8a81c031a5c5,2020-04-18,2337796,591169,166983,3.460291988828146
b64e8000-81d0-11ea-a154-757f856f2b3e,2020-04-19,2414457,622952,172419,3.279199724869065
e0b84000-8299-11ea-8583-3645872227db,2020-04-20,2490365,645130,178322,3.143895294055765
0b220000-8363-11ea-bbc8-c7ce5e975e93,2020-04-21,2566638,679932,185709,3.062723737283491
358bc000-842c-11ea-940d-e7f9d8ff5e6d,2020-04-22,2648575,710017,192772,3.1923863045743106
5ff58000-84f5-11ea-b7db-106b78df0665,2020-04-23,2731191,738747,199676,3.1192622447920106
8a5f4000-85be-11ea-a342-a66cd140726b,2020-04-24,2815227,788776,206617,3.0768994186052896
b4c90000-8687-11ea-93ad-aac0677789f6,2020-04-25,2898734,816531,212567,2.9662616904427246
df32c000-8750-11ea-8d0c-aaa55236dd56,2020-04-26,2969606,845343,216860,2.4449294071135883
099c8000-881a-11ea-b2d7-2c04d4cedbfa,2020-04-27,3040528,873227,221730,2.388262954748879
34064000-88e3-11ea-9502-e84023e4c0cd,2020-04-28,3116384,906439,228524,2.4948298453426507
5e700000-89ac-11ea-b053-b52cbb32b24a,2020-04-29,3193728,948516,235484,2.481850760368427
88d9c000-8a75-11ea-b367-d7cfcb188490,2020-04-30,3277569,1013632,241546,2.6251765961284117
b3438000-8b3e-11ea-9781-7cbf303b4425,2020-05-01,3366610,1051789,247086,2.7166781233286015
ddad4000-8c07-11ea-8c16-f6d2036485af,2020-05-02,3444964,1092440,252954,2.327385708472321
08170000-8cd1-11ea-b2c5-6c7beb065823,2020-05-03,3519125,1124973,256815,2.152736574315435
3280c000-8d9a-11ea-8d0e-4e455a13ea28,2020-05-04,3596510,1159059,261181,2.198984122473626
5cea8000-8e63-11ea-8b26-88f6c4135ee6,2020-05-05,3676149,1195532,267419,2.2143411251463223
87544000-8f2c-11ea-9076-4b7fc88e17b3,2020-05-06,3766683,1241651,274166,2.462740220812595
b1be0000-8ff5-11ea-8242-257d106401c8,2020-05-07,3855364,1281176,279841,2.3543526227187157
dc27c000-90be-11ea-95ed-0ab335f9be8d,2020-05-08,3945797,1317589,285765,2.3456410341539735
06918000-9188-11ea-8335-7a9b03d9d18a,2020-05-09,4030371,1371030,290382,2.143394604436062
30fb4000-9251-11ea-80bd-13f8d229a936,2020-05-10,4105624,1404839,294434,1.8671482104252932
5b650000-931a-11ea-8d01-e470ea3c6afc,2020-05-11,4181600,1451724,298258,1.8505347786353548
85cec000-93e3-11ea-8fb6-701e043ec7d8,2020-05-12,4266957,1488766,304137,2.0412521522862064
b0388000-94ac-11ea-a359-39d9d3ba2c4c,2020-05-13,4351290,1544638,309590,1.9764201982818201
daa24000-9575-11ea-8d33-57d449a71617,2020-05-14,4446959,1584349,315235,2.198635347218871
050c0000-963f-11ea-937a-eee21beb0873,2020-05-15,4543310,1632452,320957,2.1666716513464594
2f75c000-9708-11ea-b889-9e4c9145b572,2020-05-16,4637421,1688863,325507,2.0714192956236754
59df8000-97d1-11ea-9460-eeb9075f70a8,2020-05-17,4715829,1729871,329094,1.6907673467645057
84494000-989a-11ea-965f-c0361b04b234,2020-05-18,4804897,1782787,333226,1.8887029194654854
aeb30000-9963-11ea-a2b9-4d0106d3316d,2020-05-19,4900710,1834839,338357,1.9940698000394181
d91cc000-9a2c-11ea-b7bf-7fcce14b5958,2020-05-20,5006099,1893809,343748,2.1504843175784734
03868000-9af6-11ea-8889-bad88e141a21,2020-05-21,5111870,1945029,348701,2.112842754408173
2df04000-9bbf-11ea-b98c-e89fdb6f1f23,2020-05-22,5219114,2053576,354391,2.097940675330163
585a0000-9c88-11ea-b9bf-2258089f842d,2020-05-23,5323547,2108410,358772,2.000971812457057
82c3c000-9d51-11ea-b9f5-be61d3efb4ca,2020-05-24,5416801,2163937,362256,1.7517268092119782
ad2d8000-9e1a-11ea-8c86-4b5c30b48466,2020-05-25,5504948,2227666,363762,1.6272888740051554
d7974000-9ee3-11ea-be98-d15db400e598,2020-05-26,5597804,2282818,368384,1.6867734263793228
02010000-9fad-11ea-a241-2e1d0ed8897a,2020-05-27,5700330,2346145,373744,1.8315396537642261
2c6ac000-a076-11ea-a719-27dd0c10ea8b,2020-05-28,5819995,2413008,378794,2.0992644285506277
56d48000-a13f-11ea-b0a8-4de79559fb4d,2020-05-29,5941625,2490273,383955,2.0898643383714246
813e4000-a208-11ea-bf97-a476dc301dd5,2020-05-30,6077041,2560723,388246,2.2791071466139314
aba80000-a2d1-11ea-b7d2-ef28bcf08cea,2020-05-31,6180061,2637107,391387,1.6952329266825747
d611c000-a39a-11ea-9d46-e1cb70fcacc3,2020-06-01,6280296,2692032,395023,1.6219095572034
007b8000-a464-11ea-8dce-535c701f0a5a,2020-06-02,6403453,2796144,400307,1.9610062965185078
2ae54000-a52d-11ea-9822-0497e417fdf2,2020-06-03,6514705,2875235,405976,1.7373751318234085
554f0000-a5f6-11ea-9d83-18f97d24e762,2020-06-04,6652817,2945305,411408,2.1200038988718597
7fb8c000-a6bf-11ea-85db-72de7d97d675,2020-06-05,6786463,3014470,416538,2.0088633130897784
aa228000-a788-11ea-94fb-7eb9aa5dcbc6,2020-06-06,6915945,3086674,420638,1.907945272817372
d48c4000-a851-11ea-8310-793a8bbb2b3c,2020-06-07,7026914,3141783,423764,1.6045384976311985
fef60000-a91a-11ea-898c-ec668d07a4d4,2020-06-08,7129985,3293394,428095,1.4668032083500666
295fc000-a9e4-11ea-a74d-6a290800c0f5,2020-06-09,7256297,3375664,433202,1.7715605292297247
53c98000-aaad-11ea-b5c9-05330803f164,2020-06-10,7393421,3454835,438638,1.8897241940345053
7e334000-ab76-11ea-bc88-cf768babe4e6,2020-06-11,7529261,3540714,443725,1.8373091428176482
a89d0000-ac3f-11ea-9065-44ed587ba3d5,2020-06-12,7656733,3620434,448457,1.6930214001081911
d306c000-ad08-11ea-aef2-afea15e3972e,2020-06-13,7790659,3706326,452864,1.7491272060812362
fd708000-add1-11ea-893f-eba80f9fa34b,2020-06-14,7922545,3777145,456522,1.6928734783540134
27da4000-ae9b-11ea-bbac-b6647bb21f15,2020-06-15,8047366,3857420,460508,1.5755164533618933
52440000-af64-11ea-ac33-8f1a1cf08cfb,2020-06-16,8191583,3955283,467638,1.7921019126009679
7cadc000-b02d-11ea-b0b1-bf31d738ffd8,2020-06-17,8334714,4074114,473117,1.7472935328861345
a7178000-b0f6-11ea-a35d-2dc0c3bb7c6a,2020-06-18,8477437,4155277,478443,1.712392290845253
d1814000-b1bf-11ea-bec3-e89f94167665,2020-06-19,8658514,4250267,484794,2.1359875632222334
fbeb0000-b288-11ea-b7f6-601cf1865a1b,2020-06-20,8844374,4366121,489232,2.1465577118660315
2654c000-b352-11ea-a3f7-d75dfea056a5,2020-06-21,8937379,4434807,493820,1.0515724459413407
50be8000-b41b-11ea-bfa0-44f941dee18e,2020-06-22,9079532,4526440,497614,1.5905446104501106
7b284000-b4e4-11ea-8032-f87e43570ba2,2020-06-23,9247902,4630495,503191,1.8543907329144276
a5920000-b5ad-11ea-a97d-ee20d90fbd8c,2020-06-24,9419320,4746246,508663,1.8535879813605292
cffbc000-b676-11ea-908b-514be5411012,2020-06-25,9598762,4839130,513746,1.9050419775525198
fa658000-b73f-11ea-9e66-9f97835758bc,2020-06-26,9791221,4945110,518822,2.005039816593015
24cf4000-b809-11ea-9f61-ee4a58cb82a2,2020-06-27,9967566,5051396,523516,1.8010521874646686
4f390000-b8d2-11ea-8e1d-b657be819961,2020-06-28,10136032,5140599,527091,1.6901418059333644
79a2c000-b99b-11ea-a52a-d3436780c779,2020-06-29,10288517,5235170,531108,1.5043855425870793
a40c8000-ba64-11ea-ac6c-16eba9cc90b1,2020-06-30,10472385,5352510,536343,1.7871185905607194
ce764000-bb2d-11ea-8994-4fc4f771fddf,2020-07-01,10687359,5468424,541720,2.052770214234866
f8e00000-bbf6-11ea-aecc-0acbb659ac48,2020-07-02,10891991,5753358,547195,1.9147106408608525
2349c000-bcc0-11ea-ad81-061622840dd1,2020-07-03,11094487,5863246,552434,1.8591275001971632
4db38000-bd89-11ea-a2e4-1d9ffb6cb4d9,2020-07-04,11284154,6059006,557196,1.7095607935725194
781d4000-be52-11ea-8f38-e2bb587ba75b,2020-07-05,11470135,6178369,560995,1.6481607748352247
a2870000-bf1b-11ea-8309-d19f49715738,2020-07-06,11637923,6302068,565214,1.462824979828049
ccf0c000-bfe4-11ea-96d1-47619fb42a7c,2020-07-07,11847615,6447101,571595,1.801799169834686
f75a8000-c0ad-11ea-a7b9-702abd81ff93,2020-07-08,12062729,6605157,577225,1.8156734498884375
21c44000-c177-11ea-84a4-f003370b7e5a,2020-07-09,12286931,6739775,583029,1.8586341448937467
4c2e0000-c240-11ea-aacf-2a4cfaa94099,2020-07-10,12520121,6879221,588771,1.8978701841818757
7697c000-c309-11ea-81e5-8b8cbc986b8b,2020-07-11,12732941,7004913,593874,1.6998238275812192
a1018000-c3d2-11ea-8a42-3770e56a6149,2020-07-12,12925796,7116749,598161,1.5146147304067457
cb6b4000-c49b-11ea-9f39-d54d39beb509,2020-07-13,13119978,7257072,602539,1.5022827220853554
f5d50000-c564-11ea-afbf-ae248286465b,2020-07-14,13341228,7399324,608526,1.6863595350540983
203ec000-c62e-11ea-8e4f-7e4e96621db4,2020-07-15,13570476,7559130,614423,1.7183425693646792
4aa88000-c6f7-11ea-901a-78683f7793b7,2020-07-16,13815424,7711615,620588,1.805006692469741
75124000-c7c0-11ea-9ead-46a8612a1afd,2020-07-17,14052932,7895036,627582,1.7191510010840059
9f7c0000-c889-11ea-8681-db3cb321c2d8,2020-07-18,14288256,8045823,634080,1.6745544630828642
c9e5c000-c952-11ea-9f38-6cd9b01bcc70,2020-07-19,14500046,8133881,638971,1.4822662751843192
f44f8000-ca1b-11ea-bb19-6015984ae117,2020-07-20,14708011,8293009,642893,1.434236829317645
1eb94000-cae5-11ea-bb25-bffcac9735d9,2020-07-21,14951217,8467705,649249,1.6535614502871938
49230000-cbae-11ea-9f9f-4fba2dddf272,2020-07-22,15226372,8647437,656622,1.8403518589824495
738cc000-cc77-11ea-b5e2-60b14c081487,2020-07-23,15506179,8823667,663262,1.8376472084091995
9df68000-cd40-11ea-ac58-75194d40c035,2020-07-24,15789858,9051967,669717,1.8294577922775173
c8604000-ce09-11ea-9259-2202746f55a4,2020-07-25,16039878,9271779,675792,1.5834214595216753
f2ca0000-ced2-11ea-9c1d-1db618eada50,2020-07-26,16251880,9415080,680145,1.3217182823959135
1d33c000-cf9c-11ea-ac5d-75d9b7db18d9,2020-07-27,16485974,9586463,685422,1.440411816971329
479d8000-d065-11ea-8071-9d62faafaa45,2020-07-28,16750382,9756921,692366,1.6038360851472895
72074000-d12e-11ea-8fa0-3f4a032e2366,2020-07-29,17020687,9959507,699019,1.6137243914795496
9c710000-d1f7-11ea-bd94-dfd79607ed03,2020-07-30,17302404,10173026,705765,1.6551447071437246
c6dac000-d2c0-11ea-b7d9-20bf0b2dbaa2,2020-07-31,17590145,10372632,712354,1.663011683231995
f1448000-d389-11ea-9898-ce1cd16ad89e,2020-08-01,17836466,10553543,718356,1.400335244536074
1bae4000-d453-11ea-9e59-59c886ba4cd3,2020-08-02,18067265,10692267,723008,1.2939726961607754
46180000-d51c-11ea-9687-69c558bac4c6,2020-08-03,18273134,10914712,727807,1.1394585732815674
7081c000-d5e5-11ea-aca2-fd3463b29ae1,2020-08-04,18538734,11138369,734978,1.4534999852789345
9aeb8000-d6ae-11ea-86ec-d60e76cce222,2020-08-05,18813900,11360064,742360,1.4842761107635505
c5554000-d777-11ea-a6cf-d73addb19bad,2020-08-06,19100788,11548871,749183,1.5248725676228747
efbf0000-d840-11ea-8787-1bafec26d533,2020-08-07,19383355,11740917,755920,1.4793473442038099
1a28c000-d90a-11ea-8d6c-1d23b792445c,2020-08-08,19648713,11941161,761937,1.3689993295794254
44928000-d9d3-11ea-b8e0-31ca6783f231,2020-08-09,19881837,12119939,767106,1.1864593879507528
6efc4000-da9c-11ea-993a-a8c9a2555ff7,2020-08-10,20114995,12284150,772469,1.1727185973811172
99660000-db65-11ea-94fb-7b946c4a0551,2020-08-11,20380911,12589218,779101,1.3219789515234779
c3cfc000-dc2e-11ea-ac8a-b9e8493fbec4,2020-08-12,20655885,12829863,786048,1.3491742346551634
ee398000-dcf7-11ea-9099-c40411b250ad,2020-08-13,20946163,12993779,792840,1.4053041058274676
18a34000-ddc1-11ea-b63c-069c45377cbc,2020-08-14,21253368,13277021,799421,1.4666409308473345
430d0000-de8a-11ea-91ec-a181442b0317,2020-08-15,21502515,13445625,805439,1.1722706725823409
6d76c000-df53-11ea-988d-64273aa31b24,2020-08-16,21712481,13678579,810225,0.9764718220170989
97e08000-e01c-11ea-9f36-9ab4d36a5704,2020-08-17,21925213,13889591,814842,0.9797682724512228
c24a4000-e0e5-11ea-9f6d-e01969338978,2020-08-18,22184889,14117186,821893,1.184371618191349
ecb40000-e1ae-11ea-8fd1-4e2677c64353,2020-08-19,22462185,14335183,828302,1.2499318793075773
171dc000-e278-11ea-9d7e-9723cb661542,2020-08-20,22733750,14542973,834739,1.2089874604808035
41878000-e341-11ea-91f3-e86e27acc979,2020-08-21,22995385,14711467,840476,1.150866003189091
6bf14000-e40a-11ea-93ed-2d54814a7fc6,2020-08-22,23259276,14921384,846274,1.1475824388241378
965b0000-e4d3-11ea-89a4-21777a90eac0,2020-08-23,23461927,15137915,850586,0.8712695958378067
c0c4c000-e59c-11ea-b9ec-1bb4517ab8e5,2020-08-24,23689888,15337336,855405,0.9716209585001266
eb2e8000-e665-11ea-9824-b72372890b9b,2020-08-25,23935409,15568885,861970,1.036395782031557
15984000-e72f-11ea-8c42-b474851713a8,2020-08-26,24216938,15794619,868511,1.1762030053465977
40020000-e7f8-11ea-97f2-17c4fa753f83,2020-08-27,24504301,16001856,874717,1.1866198773767351
6a6bc000-e8c1-11ea-84ec-fb5ef6555ce1,2020-08-28,24788323,16200974,880534,1.1590699934676774
94d58000-e98a-11ea-8743-6699963addf4,2020-08-29,25049249,16412387,886339,1.0526165888672663
bf3f4000-ea53-11ea-b5ce-941afd1db34f,2020-08-30,25268736,16622627,890600,0.8762218779493149
e9a90000-eb1c-11ea-b9fc-ee82038dcac7,2020-08-31,25532930,16823417,895016,1.0455370620833586
1412c000-ebe6-11ea-b8c0-4b3ea2093147,2020-09-01,25799976,17081379,901614,1.0458885838797192
3e7c8000-ecaf-11ea-96d9-1206c7c23fd3,2020-09-02,26081699,17300616,907908,1.0919506281711269
68e64000-ed78-11ea-9aa0-15ffd285e291,2020-09-03,26367170,17521985,914006,1.0945260889637596
93500000-ee41-11ea-91cb-d2a7bea3348e,2020-09-04,26668499,17735486,919857,1.1428188918264646
bdb9c000-ef0a-11ea-8025-8e09d637a64d,2020-09-05,26942595,17936474,924962,1.0277893780223626
e8238000-efd3-11ea-8812-07e333b467f9,2020-09-06,27171440,18148265,929078,0.8493799502238
128d4000-f09d-11ea-8e3b-81366efc3b39,2020-09-07,27388662,18345813,938684,0.7994497163197828
3cf70000-f166-11ea-bca9-090c5f4d47df,2020-09-08,27635123,18547610,943817,0.8998650609511337
6760c000-f22f-11ea-bb1e-7a296087025c,2020-09-09,27920213,18787877,950075,1.0316219688980577
91ca8000-f2f8-11ea-8c95-cdb5b87d0a66,2020-09-10,28224541,19004538,956075,1.0899916845190256
bc344000-f3c1-11ea-9373-59ae4680b062,2020-09-11,28540587,19228208,962068,1.1197560307535204
e69e0000-f48a-11ea-9c34-633841c00106,2020-09-12,28829539,19451142,967111,1.0124248670848992
1107c000-f554-11ea-8244-1ecc3b5d4127,2020-09-13,29077878,19638990,971055,0.8614046863531186
3b718000-f61d-11ea-92c8-40d764947478,2020-09-14,29344683,19867489,975643,0.9175531997211076
65db4000-f6e6-11ea-9e32-eaf0fe8a8585,2020-09-15,29625452,20093776,982216,0.9567968411858462
90450000-f7af-11ea-909d-a0ad95ba0184,2020-09-16,29930181,20323253,988076,1.028605403218827
baaec000-f878-11ea-818c-66d4e2466d3c,2020-09-17,30245688,20543464,993715,1.0541433077200568
e5188000-f941-11ea-bbf3-4c77736a52d7,2020-09-18,30572221,20794613,999566,1.079601826217344
0f824000-fa0b-11ea-878d-8dc64920c858,2020-09-19,30865470,21031598,1004872,0.9592008379109911
39ec0000-fad4-11ea-83aa-d93fcfecf6e6,2020-09-20,31120345,21268675,1008828,0.8257609555273255
6455c000-fb9d-11ea-9d8b-6345e648236e,2020-09-21,31379958,21514153,1013231,0.8342227568492573
8ebf8000-fc66-11ea-8872-f90a9cf8e3f4,2020-09-22,31664541,21733546,1019388,0.9068941392464579
b9294000-fd2f-11ea-8f56-9d7ca93b8fcc,2020-09-23,31976037,21996959,1025913,0.9837376136290747
e3930000-fdf8-11ea-84c2-e24a8ca93fc1,2020-09-24,32296990,22252629,1031593,1.003729761758782
0dfcc000-fec2-11ea-b383-14440851a18d,2020-09-25,32627024,22491837,1037605,1.0218723168939272
38668000-ff8b-11ea-8e4d-48601e997cec,2020-09-26,32912811,22753980,1043037,0.8759211382564343
62d04000-0054-11eb-b2ff-f5187b1018f8,2020-09-27,33159736,22967859,1046878,0.7502397774532232
8d3a0000-011d-11eb-b8c3-5c78dff9a9dd,2020-09-28,33422170,23190401,1050951,0.7914236711655365
b7a3c000-01e6-11eb-97b9-145663ed9b38,2020-09-29,33704894,23431685,1057046,0.8459175451504196
e20d8000-02af-11eb-8fad-f09dbcd85a7a,2020-09-30,34029080,23679903,1063488,0.9618365807647994
0c774000-0379-11eb-9ef6-0af959c4dc9e,2020-10-01,34348139,23901445,1072373,0.9376068938684208
36e10000-0442-11eb-8d6c-3027d0c6561d,2020-10-02,34677414,24073730,1077969,0.9586400008454607
614ac000-050b-11eb-bcc5-7e67b10a039c,2020-10-03,34974941,24329331,1082692,0.8579849696981442
8bb48000-05d4-11eb-b506-3a5a1ac83a0b,2020-10-04,35234912,24551490,1086683,0.7433064719108461
b61e4000-069d-11eb-bc55-159fe6eae527,2020-10-05,35545699,24788958,1093722,0.8820427875625175
e0880000-0766-11eb-aa0c-0ca61707a8d7,2020-10-06,35861625,25021584,1099576,0.8887882609932639
0af1c000-0830-11eb-b069-51b93d5328a1,2020-10-07,36210456,25276775,1105467,0.9727138689337139
355b8000-08f9-11eb-acf4-f864217d9284,2020-10-08,36569609,25496281,1111833,0.9918488737065339
5fc54000-09c2-11eb-9e8f-c67666d4d09f,2020-10-09,36929540,25703071,1118024,0.9842352976757285
8a2f0000-0a8b-11eb-ad49-50280415650b,2020-10-10,37285319,25898476,1122904,0.9633994899476137
b498c000-0b54-11eb-9046-7faffb549fa4,2020-10-11,37574472,26121116,1127028,0.7755143519088572
df028000-0c1d-11eb-a229-274fab1c822e,2020-10-12,37863592,26321235,1131078,0.7694585834765689
096c4000-0ce7-11eb-8f63-06a11eff8b1d,2020-10-13,38182789,26513680,1136463,0.8430182746528644
33d60000-0db0-11eb-a08b-2a01b47c5a48,2020-10-14,38562868,26725965,1142654,0.9954196902693514
5e3fc000-0e79-11eb-88e7-bac9ec6bd0dd,2020-10-15,38969780,26933292,1148837,1.0551912269595716
88a98000-0f42-11eb-8cb9-66a56e3bcb8d,2020-10-16,39379895,27136306,1155025,1.052392392258822
b3134000-100b-11eb-b576-45a4dd165639,2020-10-17,39752176,27334589,1160737,0.9453580310460452
dd7d0000-10d4-11eb-8d9f-99b6e1ad7654,2020-10-18,40083148,27536100,1164590,0.8325883845956006
07e6c000-119e-11eb-a8c9-8eefbc7b4ca2,2020-10-19,40456878,27738631,1169292,0.9323868474601845
32508000-1267-11eb-8791-df5a408d74d8,2020-10-20,40845321,27950078,1175943,0.9601408195659586
5cba4000-1330-11eb-95d8-637b47a40a12,2020-10-21,41284309,28161300,1182798,1.0747571306882373
87240000-13f9-11eb-9b2b-60538da27eca,2020-10-22,41766204,28388093,1188695,1.1672594544334023
b18dc000-14c2-11eb-9a6c-df7b88cd207f,2020-10-23,42259529,28594827,1195788,1.181158335576774
dbf78000-158b-11eb-8162-c5b5847e89d7,2020-10-24,42716464,28806408,1201651,1.0812590930675068
06614000-1655-11eb-a9c6-53ad10614cd1,2020-10-25,43075336,29003666,1205906,0.8401257182710629
30cb0000-171e-11eb-8151-cc452b640a36,2020-10-26,43558104,29242801,1211520,1.120752720303795
5b34c000-17e7-11eb-a907-f3e049dea93e,2020-10-27,44025232,29832506,1218996,1.0724250072960018
859e8000-18b0-11eb-a1b4-8b136f7465d7,2020-10-28,44545397,30098468,1226179,1.1815156363060166
b0084000-1979-11eb-96c7-b75091231d49,2020-10-29,45095600,30345219,1233380,1.2351511874504115
da720000-1a42-11eb-9069-28e802745f2b,2020-10-30,45667520,30600993,1241057,1.268239029971882
04dbc000-1b0c-11eb-b244-8c96bf21211f,2020-10-31,46140588,30845322,1247660,1.035895971578925
2f458000-1bd5-11eb-863d-6768d5c7e35c,2020-11-01,46578413,31103269,1252779,0.9488934124549951
59af4000-1c9e-11eb-b43c-af96f9b7594f,2020-11-02,47124212,31383406,1258854,1.1717853074985618
84190000-1d67-11eb-8635-515fd7ce5325,2020-11-03,47687439,31634979,1268427,1.1951966432881678
ae82c000-1e30-11eb-acbc-59531e3460f6,2020-11-04,48179325,31914298,1278499,1.031479170017916
d8ec8000-1ef9-11eb-8abd-5640affd2022,2020-11-05,48797426,32217953,1287166,1.282917517005479
03564000-1fc3-11eb-ac49-725c8a74151c,2020-11-06,49418108,32506314,1296318,1.271956434751292
2dc00000-208c-11eb-9fbf-5f8fd8b8c14e,2020-11-07,50018687,32805330,1304068,1.215301484225175
5829c000-2155-11eb-863c-ac1b5c3ef28d,2020-11-08,50508065,33058570,1310158,0.9783903363956755
82938000-221e-11eb-b763-e02e852dbe44,2020-11-09,51015418,33315623,1317391,1.0044989844691141
acfd4000-22e7-11eb-9278-9cbc6d434200,2020-11-10,51584111,33572983,1327237,1.1147473103131293
d7670000-23b0-11eb-a3b4-f7214d246abd,2020-11-11,52207978,33953207,1337787,1.2094169850092018
01d0c000-247a-11eb-9a51-75efbf4a87af,2020-11-12,52849166,34179446,1347560,1.2281417985580672
2c3a8000-2543-11eb-9ca0-4b16bcbc3467,2020-11-13,53511432,34481578,1357352,1.2531247891404758
56a44000-260c-11eb-b1b1-33c726a7baf6,2020-11-14,54098149,34759397,1366475,1.096433001456586
810e0000-26d5-11eb-99a1-53524b2544a4,2020-11-15,54588232,34990157,1373087,0.9059145443220248
ab77c000-279e-11eb-83aa-ae58e0e9fa6d,2020-11-16,55110823,35380887,1380828,0.9573327086321461
d5e18000-2867-11eb-9958-42ccf79ab4ca,2020-11-17,55711730,35814478,1391876,1.0903611437629956
004b4000-2931-11eb-9eda-36714ac05216,2020-11-18,56333473,36177588,1403334,1.116000167289725
2ab50000-29fa-11eb-a67a-bbe61bb77d45,2020-11-19,56987275,36551887,1414453,1.1605923888271543
551ec000-2ac3-11eb-8b99-d867ef99ae24,2020-11-20,57662075,36907311,1426213,1.1841239996121942
7f888000-2b8c-11eb-8390-6a95a14bf16e,2020-11-21,58256749,37246581,1435353,1.0313087068059898
a9f24000-2c55-11eb-9ece-1b37911900e6,2020-11-22,58755072,37520305,1442824,0.8553910208755384
d45c0000-2d1e-11eb-8543-385df5345993,2020-11-23,59284353,37931518,1451132,0.9008260597485098
fec5c000-2de7-11eb-b1d9-df3a8a5f53b8,2020-11-24,59875565,38303697,1463736,0.9972479584958952
292f8000-2eb1-11eb-8c2a-38e6341d0ec2,2020-11-25,60492652,38741107,1475890,1.0306157445027866
53994000-2f7a-11eb-9032-bfa7fb098c35,2020-11-26,61086033,39107983,1486891,0.9809141778079097
7e030000-3043-11eb-a34f-f0e2168ef7d4,2020-11-27,61780326,39489609,1498394,1.1365822364009135
a86cc000-310c-11eb-97b5-1ea035b549bf,2020-11-28,62388284,39849315,1507860,0.98406408538537
d2d68000-31d5-11eb-885d-dce16220bad4,2020-11-29,62884434,40167598,1515172,0.7952614949306828
fd404000-329e-11eb-967b-adefd91c449d,2020-11-30,63386344,40569854,1523873,0.7981466446847562
27aa0000-3368-11eb-a30c-4bc695a42f00,2020-12-01,64000159,41046058,1536532,0.9683710421916746
5213c000-3431-11eb-8898-84e2bedc0bd2,2020-12-02,64639978,41508984,1549160,0.9997147038337827
7c7d8000-34fa-11eb-b94b-5284bb1f6e7e,2020-12-03,65331254,41935968,1561779,1.0694248689255432
a6e74000-35c3-11eb-b508-12851ce40d3d,2020-12-04,66028169,42426585,1574187,1.066740583304891
d1510000-368c-11eb-a74a-3b00941cbaee,2020-12-05,66672388,42862533,1584737,0.9756729737576094
fbbac000-3755-11eb-8b60-ed9fff6b693e,2020-12-06,67216584,43178577,1592557,0.8162239516604685
26248000-381f-11eb-a9b7-185aefce3bd3,2020-12-07,67750014,43591716,1600972,0.7935987940119063
508e4000-38e8-11eb-8149-994e23e13ecf,2020-12-08,68380626,44032487,1613132,0.9307924275853287
7af80000-39b1-11eb-81fd-9cf246dafd80,2020-12-09,69046486,44458967,1625916,0.9737553440941006
a561c000-3a7a-11eb-9c62-5b0c12f5cc09,2020-12-10,70543194,44950193,1638408,2.167681639873751
cfcb8000-3b43-11eb-be7e-574ff9f41176,2020-12-11,71251444,45428333,1651556,1.0039948006890644
fa354000-3c0c-11eb-a965-deba6db819ce,2020-12-12,71901650,46933276,1662469,0.9125513301877783
249f0000-3cd6-11eb-98ea-b1f65c737dc2,2020-12-13,72441140,47328395,1670406,0.750316578270457
4f08c000-3d9f-11eb-9181-1c5482ab991b,2020-12-14,72992271,41338398,1679234,0.7607983529800885
79728000-3e68-11eb-b0f8-81a5916e0ed0,2020-12-15,73639542,41696562,1692579,0.8867664906603605
a3dc4000-3f31-11eb-bb56-89395711f00c,2020-12-16,74357765,42058782,1706670,0.9753224700935809
ce460000-3ffa-11eb-b59a-65fa07d4f72c,2020-12-17,75096946,42434191,1719993,0.9940871676280211
f8afc000-40c3-11eb-b3d2-d05f344336da,2020-12-18,75819294,42751919,1733005,0.9618873182938757
23198000-418d-11eb-82f8-8bddfc49227d,2020-12-19,76455347,43103505,1744311,0.8389065189660035
4d834000-4256-11eb-afbb-16976cd04343,2020-12-20,77003179,43380334,1752546,0.7165385044946562
77ed0000-431f-11eb-b93b-48172a311062,2020-12-21,77549228,43723554,1761625,0.7091252687113087
a256c000-43e8-11eb-8b65-a5b74006f5ff,2020-12-22,78201068,44086739,1775566,0.8405499536371916
ccc08000-44b1-11eb-85c8-52dc833337c2,2020-12-23,78883803,44410879,1789509,0.8730507363403273
f72a4000-457a-11eb-b81f-e77b323a360b,2020-12-24,79579153,44725551,1801705,0.881486406024314
21940000-4644-11eb-af0e-d7f137ed3e47,2020-12-25,80098228,45017157,1810601,0.6522751002388779
4bfdc000-470d-11eb-81cd-3904e49af5ed,2020-12-26,80605026,45425321,1818041,0.6327206139941074
76678000-47d6-11eb-a9c4-55e26f030492,2020-12-27,81017977,45717709,1825789,0.5123142073051375
a0d14000-489f-11eb-a94a-1c9083f9c11d,2020-12-28,81516474,46016135,1834888,0.6152918382546135
cb3b0000-4968-11eb-b5e1-eb0bd6fc45fc,2020-12-29,82187305,46369230,1849717,0.8229391766871565
f5a4c000-4a31-11eb-a7a0-e115f75dc62b,2020-12-30,82913042,46757475,1865432,0.8830281026978559
200e8000-4afb-11eb-a68e-d1c9cc4c281f,2020-12-31,83753075,47055807,1879122,1.0131494150220661
4a784000-4bc4-11eb-a84f-8fbb50df969f,2021-01-01,84341129,47359111,1889077,0.7021282502164845
74e20000-4c8d-11eb-9428-7d3069d78444,2021-01-02,84921890,47614296,1897496,0.6885857551183598
9f4bc000-4d56-11eb-8d1b-60c1e1da76e4,2021-01-03,85442114,47882778,1905134,0.6125911705450738
c9b58000-4e1f-11eb-9d0f-02b08128922c,2021-01-04,85998532,48173186,1914530,0.6512221830091891
f41f4000-4ee8-11eb-9572-7242c46310f3,2021-01-05,86740208,48488547,1929931,0.8624286749452885
1e890000-4fb2-11eb-9eb2-6e5087321b34,2021-01-06,87531297,48801672,1944927,0.9120211009869841
48f2c000-507b-11eb-9913-52389a010a6e,2021-01-07,88402136,49125603,1959982,0.9948887196313337
735c8000-5144-11eb-b96d-5f56949520c8,2021-01-08,89238832,49422866,1975521,0.9464658184277358
9dc64000-520d-11eb-8407-35a9e594c282,2021-01-09,89996683,49753111,1988855,0.8492390397937973
c8300000-52d6-11eb-b215-4ac4464367da,2021-01-10,90598523,50023661,1997796,0.6687357577389825
f299c000-539f-11eb-b26a-0e32fdc3251d,2021-01-11,91212596,50313949,2007354,0.6777958179296146
1d038000-5469-11eb-9342-598655eecf50,2021-01-12,91904578,50657506,2024302,0.7586474131270203
476d4000-5532-11eb-99ae-906742688123,2021-01-13,92648667,51023567,2041022,0.8096321382379885
71d70000-55fb-11eb-9a98-7f65f91a5e46,2021-01-14,93409890,51396412,2056610,0.8216232619946923
9c40c000-56c4-11eb-bf1c-ef6fb0c94580,2021-01-15,94194314,51717034,2072243,0.8397654680890857
c6aa8000-578d-11eb-afc8-05decfd213b9,2021-01-16,94852162,52034089,2086164,0.6983945973639131
f1144000-5856-11eb-a617-3987e2009371,2021-01-17,95379938,52349804,2095253,0.5564195785015422
1b7e0000-5920-11eb-9f87-727093a3b006,2021-01-18,95896595,52668557,2104872,0.5416830948244065
45e7c000-59e9-11eb-9675-0419f157b304,2021-01-19,96489830,53071501,2120725,0.6186194619318861
70518000-5ab2-11eb-9450-2c00f8a9ab9a,2021-01-20,97176788,53399272,2138868,0.7119486063971716
9abb4000-5b7b-11eb-b921-985548b6fa8e,2021-01-21,97846151,53765411,2156151,0.6888095539852583
c5250000-5c44-11eb-b57c-29e3da7f06d8,2021-01-22,98510412,54147168,2172232,0.6788831172316631
ef8ec000-5d0d-11eb-b55d-6c746c245457,2021-01-23,99087798,54463661,2186850,0.5861167243925445
19f88000-5dd7-11eb-9ac3-4c3597257cce,2021-01-24,99549884,54774618,2195957,0.46633996246439946
44624000-5ea0-11eb-b5a6-e9b400e06ed8,2021-01-25,100030792,55089059,2206362,0.48308243131654477
6ecc0000-5f69-11eb-9fd7-1585ffac7465,2021-01-26,100592320,55418602,2224173,0.5613551475229748
9935c000-6032-11eb-a0c3-0444f859ce55,2021-01-27,101193735,55759371,2241615,0.5978736746503113
c39f8000-60fb-11eb-94da-baf4ff6ace28,2021-01-28,101808776,56075030,2258177,0.6077856499713149
ee094000-61c4-11eb-8e88-cd243672a45d,2021-01-29,102398247,56439137,2273979,0.5789982191712039
18730000-628e-11eb-bec4-9a1beb59d1bc,2021-01-30,102913518,56790303,2287429,0.5032029503395697
42dcc000-6357-11eb-99e2-c688ed8ee21f,2021-01-31,103310123,57079202,2296527,0.38537697253727154
6d468000-6420-11eb-b9c3-d354ba3687c9,2021-02-01,103752688,57351844,2306150,0.42838493184254556
97b04000-64e9-11eb-a01d-c70e2429374f,2021-02-02,104217880,57702034,2321484,0.4483662148589345
c21a0000-65b2-11eb-9fe9-d6ca0838a34b,2021-02-03,104743426,58031881,2337679,0.5042762335983039
ec83c000-667b-11eb-bd39-272071bca28d,2021-02-04,105215449,58325870,2350625,0.45064689787786777
16ed8000-6745-11eb-baa9-24a32b6bce83,2021-02-05,105752476,58607157,2367926,0.5104069840542143
41574000-680e-11eb-956e-d3523035b8e4,2021-02-06,106188323,58901714,2379783,0.4121388136576584
6bc10000-68d7-11eb-b383-f081c43f60a3,2021-02-07,106540137,59179149,2387143,0.33131138157252943
962ac000-69a0-11eb-9779-c8107707ae5f,2021-02-08,106879564,59411983,2396212,0.3185907298016709
c0948000-6a69-11eb-bc93-63e369ead8ba,2021-02-09,107286701,59783591,2411279,0.3809306332873888
eafe4000-6b32-11eb-b75e-8eb6537ef74f,2021-02-10,107727017,60052899,2425448,0.41041060625025655
15680000-6bfc-11eb-bbaf-ff1307b2321f,2021-02-11,108171909,60328984,2439315,0.4129808959622451
3fd1c000-6cc5-11eb-9ed1-dcad8f6dab1b,2021-02-12,108602636,60616583,2452310,0.3981874813728211
6a3b8000-6d8e-11eb-b329-60459de56935,2021-02-13,108983366,60862826,2463034,0.35057160122706416
94a54000-6e57-11eb-853a-eee3369da151,2021-02-14,109292190,61058257,2469761,0.2833680141609867
bf0f0000-6f20-11eb-b57d-81e72dde149f,2021-02-15,109572409,61346870,2477164,0.2563943498615958
e978c000-6fe9-11eb-aabe-a157ccb4f2b2,2021-02-16,109931831,61582275,2488491,0.3280223582562651
13e28000-70b3-11eb-8d65-60205a2dde03,2021-02-17,110318342,61876216,2500087,0.35159152402364696
3e4c4000-717c-11eb-8c49-f338e9705f5a,2021-02-18,110729640,62112834,2512001,0.3728283008459283
68b60000-7245-11eb-a4a4-2ca6d515928b,2021-02-19,111139580,62347470,2523693,0.37021704396401905
931fc000-730e-11eb-a7d5-fe5a9d832f11,2021-02-20,111515230,62616686,2532767,0.3379983980504515
bd898000-73d7-11eb-9cb7-b2d466b79c05,2021-02-21,111834482,62833943,2539343,0.2862855593805438
e7f34000-74a0-11eb-a7b7-1173dbd0ae16,2021-02-22,112129135,63016513,2546356,0.2634724055859623
125d0000-756a-11eb-9346-28636a09fc38,2021-02-23,112522443,63295143,2558026,0.35076343003983756
3cc6c000-7633-11eb-a514-bb67a2b0192e,2021-02-24,112967480,63504602,2570562,0.39550954292736074
67308000-76fc-11eb-be15-34a1e81d9eed,2021-02-25,113421072,63732294,2581421,0.401524403306155
919a4000-77c5-11eb-9718-405433782841,2021-02-26,113863138,63992562,2591996,0.3897564995682637
bc040000-788e-11eb-804e-8e2ab4e6d778,2021-02-27,114260988,64243284,2600691,0.3494107109537065
e66dc000-7957-11eb-a217-cb67c53d3bff,2021-02-28,114569813,64418461,2607029,0.27028035150545
10d78000-7a21-11eb-b405-b88eea737996,2021-03-01,114874850,64633387,2614416,0.2662455249010488
3b414000-7aea-11eb-9497-48208ca45aa1,2021-03-02,115188425,64903491,2624772,0.2729709766759217
65ab0000-7bb3-11eb-b5a9-16ce14206f5b,2021-03-03,115630622,65132899,2636546,0.38389013479435974
9014c000-7c7c-11eb-90c9-c30fb280809f,2021-03-04,116089417,65383179,2647015,0.3967763833355493
ba7e8000-7d45-11eb-94a0-5bcad531c09a,2021-03-05,116539442,65609539,2657485,0.3876537686462841
e4e84000-7e0e-11eb-b88f-b42ea1eadc9d,2021-03-06,116953953,65846042,2665755,0.35568301416785575
0f520000-7ed8-11eb-afd6-f1718470c917,2021-03-07,117327861,66084362,2671692,0.31970531171357675
39bbc000-7fa1-11eb-a071-d9dcca74cdb5,2021-03-08,117632319,66358920,2678717,0.25949335256354844
64258000-806a-11eb-a056-36cfc1dd2136,2021-03-09,118046564,66621153,2689280,0.3521523706422892
8e8f4000-8133-11eb-a3a0-27821a43043e,2021-03-10,118505479,66856509,2699457,0.388757609243078
b8f90000-81fc-11eb-bb3c-77701e651b1e,2021-03-11,118995836,67129126,2709693,0.41378424368041244
e362c000-82c5-11eb-8d3b-a6d7ca76e412,2021-03-12,119485614,67397682,2719584,0.4115925535411171
0dcc8000-838f-11eb-bcd4-449c9ecbfdb5,2021-03-13,119941781,67650214,2728176,0.3817756671527001
38364000-8458-11eb-b573-fcd30cd2b70b,2021-03-14,120306971,67895902,2733988,0.30447271747615623
62a00000-8521-11eb-a0d8-ecb948549549,2021-03-15,120659926,68185781,2741454,0.29337867711755455
8d09c000-85ea-11eb-a1a5-4bce3c3b6d0c,2021-03-16,121126545,68452266,2752081,0.3867224317707604
b7738000-86b3-11eb-b812-29dad0e2df8a,2021-03-17,121672187,68716802,2762677,0.4504726854051686
e1dd4000-877c-11eb-9752-a61fb4ae6dc0,2021-03-18,122220797,68985878,2773399,0.45089187062939867
0c470000-8846-11eb-b12b-0f06bcb69884,2021-03-19,122784013,69264939,2784225,0.4608184644713125
36b0c000-890f-11eb-b1ea-dc321bf16bf6,2021-03-20,123283226,69523150,2793008,0.40657817561313947
611a8000-89d8-11eb-99f9-3752840aa776,2021-03-21,123722665,69803249,2801454,0.35644670751883145
8b844000-8aa1-11eb-b592-3bc2c47dfb34,2021-03-22,124142574,70137878,2809326,0.33939537270717535
b5ee0000-8b6a-11eb-9db6-fb78dd347647,2021-03-23,124649657,70451020,2820817,0.408468250384433
e057c000-8c33-11eb-9ea8-a665903fe2ff,2021-03-24,125279444,70786662,2831499,0.5052456742821202
0ac18000-8cfd-11eb-8c7a-6bedd5856683,2021-03-25,125931456,71098479,2843056,0.520446115645277
352b4000-8dc6-11eb-b8a9-b8543cc86b74,2021-03-26,126572141,71463065,2855824,0.5087569224959966
5f950000-8e8f-11eb-aa4a-67ea34f3b496,2021-03-27,127157204,71768318,2866034,0.4622367887416869
89fec000-8f58-11eb-8adc-098de533f358,2021-03-28,127649180,72097106,2873284,0.3869037573364699
b4688000-9021-11eb-96d0-cdffb4e275c7,2021-03-29,128108148,72401542,2881882,0.3595542094355796
ded24000-90ea-11eb-8e05-1120f8a90c32,2021-03-30,128669690,72736785,2893798,0.4383343360798565
093c0000-91b4-11eb-af47-65065dacf225,2021-03-31,129344579,73119294,2906701,0.5245128048416065
33a5c000-927d-11eb-87b5-1c703a56085c,2021-04-01,130054616,73464080,2918988,0.5489499486484084
5e0f8000-9346-11eb-94a0-ececd07adea4,2021-04-02,130699335,73784287,2929619,0.4957294249363667
88794000-940f-11eb-a781-6b3b2c44d453,2021-04-03,131240249,74150288,2938932,0.41386132530819686
b2e30000-94d8-11eb-90a0-c503f46fdb85,2021-04-04,131799592,74498476,2946314,0.4261977588902624
dd4cc000-95a1-11eb-b2a2-1f10bcbb2978,2021-04-05,132294751,74846289,2954562,0.37569084432370625
07b68000-966b-11eb-9da0-b18f8b3ba350,2021-04-06,132901342,75216285,2967002,0.4585147902050929
32204000-9734-11eb-984c-e8de49f27a55,2021-04-07,133565619,75699590,2982385,0.4998271575015398
5c8a0000-97fd-11eb-bf91-91d560fdd9e4,2021-04-08,134401976,76094849,2996720,0.6261768606784954
86f3c000-98c6-11eb-bd4c-e742a6325c87,2021-04-09,135149458,76548562,3011092,0.5561540255926
b15d8000-998f-11eb-b598-d1c377de1bda,2021-04-10,135820843,76933556,3024124,0.4967722475069046
dbc74000-9a58-11eb-bd15-9310d3b1387e,2021-04-11,136529367,77464028,3033212,0.5216607292004513
06310000-9b22-11eb-8685-62ed86dfdb28,2021-04-12,137142099,77858760,3043098,0.44879135783292684
309ac000-9beb-11eb-90d7-22916a371bf5,2021-04-13,137906430,78345222,3056919,0.5573277684775702
5b048000-9cb4-11eb-8eb2-fc99e84826f2,2021-04-14,138719032,78792112,3071018,0.589241560382645
856e4000-9d7d-11eb-bf50-68e56038aff5,2021-04-15,139539495,79236514,3084676,0.5914566935559354
afd80000-9e46-11eb-8b22-8ac8cee3696f,2021-04-16,140399677,79740631,3098064,0.6164433947535786
da41c000-9f0f-11eb-9b02-b3cae935ef09,2021-04-17,141193459,80259167,3110669,0.5653730955520645
04ab8000-9fd9-11eb-8ac0-33ca1161030a,2021-04-18,141893297,80839358,3119780,0.49565893842150294
2f154000-a0a2-11eb-ad3e-69409015fa1f,2021-04-19,142583039,81374733,3130880,0.48609907203720837
597f0000-a16b-11eb-9aa4-86468fe49cc2,2021-04-20,143422747,81979570,3145202,0.5889255874255843
83e8c000-a234-11eb-b803-33dcfa9e42d0,2021-04-21,144311955,82491870,3159936,0.6199909139935801
ae528000-a2fd-11eb-9bb8-72274213f5fc,2021-04-22,145211836,83128166,3173812,0.623566495235963
d8bc4000-a3c6-11eb-a32c-d6001f8a8912,2021-04-23,146119369,83767998,3189079,0.6249717826031757
03260000-a490-11eb-9089-c381b953657f,2021-04-24,146943967,84344289,3202201,0.5643317553609201
2d8fc000-a559-11eb-84c9-5b3d07de758e,2021-04-25,147672696,84878103,3212951,0.49592304800101117
57f98000-a622-11eb-bb00-0033adfbb6e5,2021-04-26,148360462,85565469,3224541,0.4657367398506762
82634000-a6eb-11eb-a833-763aef1c2bc5,2021-04-27,149199958,86246373,3239557,0.5658488715140292
accd0000-a7b4-11eb-a6f5-a1640f92bd29,2021-04-28,150098583,86843038,3255535,0.6022957459545665
d736c000-a87d-11eb-88c7-ffedc24b42f3,2021-04-29,150993610,87550354,3271268,0.5962927711316236
01a08000-a947-11eb-a72b-d2032f0b0e60,2021-04-30,151885385,88236950,3285680,0.5906044633279514
2c0a4000-aa10-11eb-84dd-de3a0b7f013e,2021-05-01,152680343,88919400,3298710,0.5233933468977282
56740000-aad9-11eb-bd8b-f4ff8140dfc5,2021-05-02,153367519,89612414,3309013,0.45007496479098164
80ddc000-aba2-11eb-b30b-7964d0043ad3,2021-05-03,154056690,90255903,3320659,0.4493591632006514
ab478000-ac6b-11eb-9075-a3f3847d601e,2021-05-04,154842345,90912803,3334777,0.5099778529578949
d5b14000-ad34-11eb-8e58-1b86bf2a7e85,2021-05-05,155684714,91626285,3349654,0.5440172066626865
001b0000-adfe-11eb-b2d3-ef74a4e175d3,2021-05-06,156557290,92301897,3364262,0.5604763483716199
2a84c000-aec7-11eb-8545-0232ae6662bb,2021-05-07,157392278,92998026,3378783,0.5333434169689575
54ee8000-af90-11eb-8629-bc565af36934,2021-05-08,158181221,93709031,3392088,0.501259026189328
7f584000-b059-11eb-bbba-f2ab19ca58c4,2021-05-09,158830526,94371824,3402507,0.4104817221002486
a9c20000-b122-11eb-84de-37cf78ab14a1,2021-05-10,159455449,95000510,3413570,0.3934527044253446
d42bc000-b1eb-11eb-a9d7-67c2f1d58ac0,2021-05-11,160181621,95751514,3427762,0.45540745365183477
fe958000-b2b4-11eb-9c5d-733db153defb,2021-05-12,160949550,96399063,3441913,0.47941143010408166
28ff4000-b37e-11eb-9b59-41fc499a511d,2021-05-13,161684855,97089180,3455377,0.45685433727525177
53690000-b447-11eb-a4dd-3ddeb1b7e6cf,2021-05-14,162394780,97754527,3468377,0.4390794672760167
7dd2c000-b510-11eb-b92b-db0182095c44,2021-05-15,163026598,98397064,3480647,0.3890629982072084
a83c8000-b5d9-11eb-9312-8768b70407d6,2021-05-16,163573172,99064468,3490915,0.3352667642613753
d2a64000-b6a2-11eb-aaa3-fef362ae0ced,2021-05-17,164116235,99808930,3502229,0.3320000421585026
fd100000-b76b-11eb-9dc4-dcbff1ab3f0d,2021-05-18,164736006,100552043,3516310,0.3776414929333469
2779c000-b835-11eb-a49c-57780e061a1a,2021-05-19,165408800,101250070,3529788,0.408407376344914
51e38000-b8fe-11eb-aa80-1ba056e7dcb4,2021-05-20,165690919,101886759,3542965,0.17055864016908412
7c4d4000-b9c7-11eb-ac7a-19ea8fdeb0ed,2021-05-21,166317397,102501547,3555935,0.3781003834012171
a6b70000-ba90-11eb-984d-196c8c51319d,2021-05-22,166890042,103118308,3567369,0.3443085391722431
d120c000-bb59-11eb-b86d-fcacd08dc456,2021-05-23,167371567,103620279,3577194,0.28852829936971314
fb8a8000-bc22-11eb-bf4f-6e172b653b00,2021-05-24,167822262,104247871,3586314,0.26927811460353956
25f44000-bcec-11eb-be52-6ec1f0a11bf9,2021-05-25,168356595,104824934,3599276,0.3183922047243053
505e0000-bdb5-11eb-84e9-d3bec2593c6d,2021-05-26,168925182,105380747,3612081,0.3377277854781988
7ac7c000-be7e-11eb-ac05-9f725a63174a,2021-05-27,169472359,106078105,3625015,0.3239167739952472
a5318000-bf47-11eb-9c22-93d02af49ea4,2021-05-28,169977978,106633068,3637016,0.29834894786588767
cf9b4000-c010-11eb-92f6-baa96e6f7c99,2021-05-29,170458538,107140668,3647820,0.28271897669002743
fa050000-c0d9-11eb-9d95-1d9b4e852e6e,2021-05-30,170848636,107630597,3656202,0.22885213294508017
246ec000-c1a3-11eb-ae7e-3f2961a78160,2021-05-31,171235461,108159766,3664871,0.22641386496056076
4ed88000-c26c-11eb-bb8e-e629823181a6,2021-06-01,171695471,108743649,3680082,0.2686417855936978
79424000-c335-11eb-990a-7a052213b09a,2021-06-02,172183117,109272023,3691980,0.28401797505771137
a3ac0000-c3fe-11eb-89b4-a7af6846c02a,2021-06-03,172663902,109701213,3702144,0.27922888630248227
ce15c000-c4c7-11eb-a82c-480ca679e747,2021-06-04,173089139,110226715,3712787,0.2462801981620918
f87f8000-c590-11eb-a9fb-2fcc20752abe,2021-06-05,173486079,110704845,3722183,0.22932692501289753
22e94000-c65a-11eb-96d2-240cb44db886,2021-06-06,173809303,111146371,3729461,0.1863112025259387
4d530000-c723-11eb-9762-c492d30fbe5b,2021-06-07,174130990,111568368,3737520,0.18508042690902454
77bcc000-c7ec-11eb-a8ee-18067437de48,2021-06-08,174501789,111983104,3748170,0.21294256697213976
a2268000-c8b5-11eb-9611-a0f1cdeea9b5,2021-06-09,174920328,112435799,3758323,0.2398479708422932
cc904000-c97e-11eb-8c7c-cd97f417e0fd,2021-06-10,175373823,112849488,3774292,0.25925803203387543
f6fa0000-ca47-11eb-9dff-f09349a8ee10,2021-06-11,175796382,113225020,3786030,0.2409475899946596
2163c000-cb11-11eb-964a-2a2386b11c5e,2021-06-12,176164980,113563994,3795834,0.20967325709808976
4bcd8000-cbda-11eb-b546-3bb145db56ac,2021-06-13,176467978,113993655,3805101,0.17199672715882577
76374000-cca3-11eb-a2ea-80bd7cab12dd,2021-06-14,176777436,114340429,3813079,0.1753621271730104
a0a10000-cd6c-11eb-9e75-d0c6b79bdf24,2021-06-15,177152356,114800574,3823828,0.21208589087127616
cb0ac000-ce35-11eb-b2d7-04ae0de8fdca,2021-06-16,177541331,115149801,3833886,0.21957088733270927
f5748000-cefe-11eb-b91a-83bca834dfc0,2021-06-17,177937632,115530279,3843207,0.22321619296635778
1fde4000-cfc8-11eb-9199-43707b5d39f9,2021-06-18,178341062,115849842,3852407,0.22672550795775456
4a480000-d091-11eb-9c83-f0dd760e5fdb,2021-06-19,178689527,116181692,3860570,0.19539246659863446
74b1c000-d15a-11eb-95d7-724d799338f8,2021-06-20,178992964,116446786,3867304,0.1698124143559908
9f1b8000-d223-11eb-9b87-c0ecf157d910,2021-06-21,179289570,116804004,3874286,0.16570818951296878
c9854000-d2ec-11eb-980e-d790c8871a1c,2021-06-22,179699866,117107408,3883209,0.22884543702123886
f3ef0000-d3b5-11eb-9030-e414412b7192,2021-06-23,180096920,117507151,3892588,0.22095397667130146
1e58c000-d47f-11eb-b344-62ed258bc41b,2021-06-24,180506291,117796862,3901240,0.22730594171182938
48c28000-d548-11eb-807a-40c539af4d4e,2021-06-25,180924286,118125509,3910471,0.23156810639912823
732c4000-d611-11eb-90f1-cf68c0e30046,2021-06-26,181287479,118420068,3917993,0.20074308874155236
9d960000-d6da-11eb-a1c5-03d6654ac1c9,2021-06-27,181598524,118678807,3924070,0.17157555597096696
c7ffc000-d7a3-11eb-b810-9b2b63a5eae7,2021-06-28,181931639,119006263,3930616,0.1834348609573501
f2698000-d86c-11eb-bdde-f1b1d4977113,2021-06-29,182313066,119299679,3938757,0.20965402284975843
1cd34000-d936-11eb-bf92-3337db6ddf68,2021-06-30,182712486,119580620,3947956,0.21908468151152696
473d0000-d9ff-11eb-a15e-a904d6982e2a,2021-07-01,183148177,120008476,3956503,0.2384571572191295
71a6c000-dac8-11eb-b30a-30814fdeb504,2021-07-02,183590581,120299518,3964846,0.24155522989453507
9c108000-db91-11eb-a364-3d7efc34eb69,2021-07-03,183965141,120569293,3971764,0.2040191811365312
c67a4000-dc5a-11eb-97ee-80a1763aec56,2021-07-04,184293366,120868181,3978382,0.17841695345967745
f0e40000-dd23-11eb-a8dd-99e5819e48ff,2021-07-05,184670047,121235174,3985742,0.204392056087358
1b4dc000-dded-11eb-965d-353f64daeb78,2021-07-06,185120673,121563017,3994232,0.24401683289764906
45b78000-deb6-11eb-8f4b-eba2c67d18d8,2021-07-07,185585716,121831180,4002771,0.25121073322804954
70214000-df7f-11eb-a1fe-0d0ae1b08f4b,2021-07-08,186067519,122123831,4011679,0.2596121136822836
9a8b0000-e048-11eb-9fc6-68ec75b4c0c1,2021-07-09,186581412,122462949,4020050,0.27618630202727645
c4f4c000-e111-11eb-a066-ca8dd8a4bd6a,2021-07-10,187003460,122907153,4026651,0.2262004534513867
ef5e8000-e1da-11eb-8ba9-4b09275d938f,2021-07-11,187374019,123197639,4034264,0.19815622662810622
19c84000-e2a4-11eb-96c2-a37cd67287df,2021-07-12,187806270,123499875,4042328,0.23068886620828685
44320000-e36d-11eb-b8bc-72f2134beb1f,2021-07-13,188332239,123783322,4050711,0.2800593398718797
6e9bc000-e436-11eb-a101-d7402ed44d1a,2021-07-14,188870189,124113063,4059318,0.2856388278801273
99058000-e4ff-11eb-a578-460778adb27c,2021-07-15,189446635,124394119,4067943,0.3052075094815519
c36f4000-e5c8-11eb-8331-69539c6e4fff,2021-07-16,190042655,124784824,4076686,0.31461102489363296
edd90000-e691-11eb-a20a-be30fb3d51d1,2021-07-17,190533173,125065613,4084203,0.25810942285562155
1842c000-e75b-11eb-aa97-3fa7e4fcd181,2021-07-18,190954486,125382096,4090742,0.22112317417817842
42ac8000-e824-11eb-b989-ce9ac5775740,2021-07-19,191440779,125688817,4097881,0.25466434970268254
6d164000-e8ed-11eb-a042-b7c49fcc030d,2021-07-20,191973342,126008997,4118607,0.27818681201668116
97800000-e9b6-11eb-b4ca-b8f8c5733e2a,2021-07-21,192529117,126315580,4127267,0.28950634197950254
c1e9c000-ea7f-11eb-9a1b-dcfa0cf48ae6,2021-07-22,193094481,126671708,4136039,0.29365116757897974
ec538000-eb48-11eb-8f8a-3ded1232d72c,2021-07-23,193822688,126918098,4144358,0.37712470922459973
16bd4000-ec12-11eb-85bc-7b5f18a7793d,2021-07-24,194255794,127435324,4153052,0.22345474849672914
41270000-ecdb-11eb-a4a7-d1e2f5121286,2021-07-25,194702066,127762741,4160384,0.2297342029345081
6b90c000-eda4-11eb-917a-7713ef79d540,2021-07-26,195240235,128063201,4168797,0.2764064147115932
95fa8000-ee6d-11eb-889f-605af1fee76a,2021-07-27,195846899,128409040,4178640,0.3107269359719834
c0644000-ef36-11eb-a85b-4026e7e36cdf,2021-07-28,196496923,128745703,4188793,0.33190415744085894
eace0000-efff-11eb-9a5d-a4f6c6ea775b,2021-07-29,197139976,129094091,4199056,0.327258559667115
1537c000-f0c9-11eb-8667-12e09e68bcc4,2021-07-30,197872571,129401282,4208607,0.371611590335184
3fa18000-f192-11eb-9d7c-707c862020d3,2021-07-31,198391486,129705211,4217440,0.2622470600030764
6a0b4000-f25b-11eb-977a-050e75c47180,2021-08-01,198875665,129994389,4224807,0.24405230776889286
94750000-f324-11eb-b923-3b338037c5ae,2021-08-02,199443161,130277533,4232852,0.28535215708769596
bedec000-f3ed-11eb-a55f-47151848cf1a,2021-08-03,200077681,130582001,4243256,0.3181457798896398
e9488000-f4b6-11eb-98a3-0a64b06952e1,2021-08-04,200758017,130899061,4253756,0.34003592834525104
13b24000-f580-11eb-a8f4-8faebd8ee9b4,2021-08-05,201443373,0,4264706,0.3413841251480383
3e1c0000-f649-11eb-a58d-6d1ec5271ed3,2021-08-06,202263081,0,4275153,0.4069173325448637
6885c000-f712-11eb-931a-95956c0861bc,2021-08-07,202826624,0,4283820,0.27861881526466015
92ef8000-f7db-11eb-9f3b-b3b5f9b7de6e,2021-08-08,203296529,0,4291259,0.23167816469695812
bd594000-f8a4-11eb-a281-6d5e0a7a3601,2021-08-09,203910612,0,4300015,0.3020627076225192
e7c30000-f96d-11eb-9811-d5366f52c129,2021-08-10,204556461,0,4311606,0.31673143131952347
122cc000-fa37-11eb-a1fd-663bfc1fee98,2021-08-11,205287051,0,4322122,0.3571581148932763
3c968000-fb00-11eb-b623-b8747363e770,2021-08-12,205993035,0,4332626,0.3439008922194513
67004000-fbc9-11eb-853d-c9f30a6e9bdb,2021-08-13,206794999,0,4343083,0.3893160756624611
916a0000-fc92-11eb-b806-dd6275f60d72,2021-08-14,207352369,0,4351807,0.2695277945285321
bbd3c000-fd5b-11eb-a74b-e5af361922c3,2021-08-15,207822568,0,4359219,0.2267632640358211
e63d8000-fe24-11eb-ad39-c3ec8df245c2,2021-08-16,208477534,0,4368979,0.315156340479827
10a74000-feee-11eb-9c83-db2898e522d0,2021-08-17,209159680,0,4379748,0.3272036017079903
3b110000-ffb7-11eb-a528-f0f98b77df3f,2021-08-18,209895653,0,4390561,0.35187135493800714
657ac000-0080-11ec-956a-af8135fb5c5e,2021-08-19,210607624,0,4402001,0.33920235594397946
8fe48000-0149-11ec-9669-f91e56f13e15,2021-08-20,211392868,0,4412487,0.3728469013068587
ba4e4000-0212-11ec-a760-7779f3cdd091,2021-08-21,211958726,0,4421394,0.2676807431365187
e4b80000-02db-11ec-b3ee-672d8121d377,2021-08-22,212412489,0,4429082,0.21408083005745185
0f21c000-03a5-11ec-821c-69c0f8fb2652,2021-08-23,213083549,0,4439029,0.3159230434892178
398b8000-046e-11ec-b0a7-40d8296c4790,2021-08-24,213760144,0,4450069,0.317525685664265
63f54000-0537-11ec-b2ab-c3996c83d421,2021-08-25,214497353,0,4461417,0.3448767324932191
8e5f0000-0600-11ec-b71d-b2950b500bd0,2021-08-26,215233641,0,4473015,0.34326204482346223
b8c8c000-06c9-11ec-8dd7-32b4882aeed3,2021-08-27,215985195,0,4483359,0.34918054469003756
e3328000-0792-11ec-80bd-b7ce7763bdbe,2021-08-28,216551398,0,4491807,0.2621489866469783
0d9c4000-085c-11ec-8aeb-9229335efefe,2021-08-29,217005390,0,4498545,0.20964630299916145
38060000-0925-11ec-bac8-0bafdafc661a,2021-08-30,217659628,0,4508005,0.30148467740824314
626fc000-09ee-11ec-b9d9-7b19153445bf,2021-08-31,218280898,0,4517214,0.28543189460932095
8cd98000-0ab7-11ec-9c0b-f5e9678922f0,2021-09-01,219000231,0,4529702,0.3295446402277491
b7434000-0b80-11ec-acd1-e8fcc7d2735e,2021-09-02,219676549,0,4540913,0.30882067882385017
e1ad0000-0c49-11ec-b309-b5a3ba9088ca,2021-09-03,220400668,0,4551613,0.3296296319731425
0c16c000-0d13-11ec-9014-80910f377086,2021-09-04,220906759,0,4559352,0.22962316974465793
36808000-0ddc-11ec-87c8-1ca473e92a19,2021-09-05,221362690,0,4565831,0.2063906971719231
60ea4000-0ea5-11ec-a62d-6662e6f854c9,2021-09-06,221821940,0,4573840,0.20746495265304196
8b540000-0f6e-11ec-9c05-f91c6d12aaff,2021-09-07,222478184,0,4584328,0.29584269256683987
b5bdc000-1037-11ec-84ac-4373015664bf,2021-09-08,223115208,0,4594429,0.2863309959416066
e0278000-1100-11ec-9e91-d9b9c7a31ca8,2021-09-09,223755136,0,4605142,0.28681505206942237
0a914000-11ca-11ec-927e-760494952bf3,2021-09-10,224414378,0,4614334,0.29462653317598037
34fb0000-1293-11ec-a9a2-dfd2849f8958,2021-09-11,224892541,0,4622726,0.21307146371878188
5f64c000-135c-11ec-b9ea-cdef00c03516,2021-09-12,225269501,0,4628306,0.16761783130904284
89ce8000-1425-11ec-8fa2-dc9793dfdccd,2021-09-13,225831661,0,4637341,0.24954998235646644
b4384000-14ee-11ec-8f44-c411a046f55f,2021-09-14,226382316,0,4647239,0.24383427795804063
dea20000-15b7-11ec-9db5-d0d91971dde3,2021-09-15,226949475,0,4657706,0.25053149469501845
090bc000-1681-11ec-a322-fc03ec8cb37c,2021-09-16,227536585,0,4668180,0.2586963464004488
33758000-174a-11ec-b1da-c8650322cb77,2021-09-17,228159977,0,4677223,0.2739744028416353
5ddf4000-1813-11ec-8a05-688bcce96557,2021-09-18,228691015,0,4683766,0.2327480949912613
88490000-18dc-11ec-8150-6cf1c97a62e8,2021-09-19,229060019,0,4689794,0.16135483066529746
b2b2c000-19a5-11ec-8d59-fd2c3d5a3cdd,2021-09-20,229576329,0,4697932,0.22540380562877715
dd1c8000-1a6e-11ec-b62f-c717afe98e68,2021-09-21,230065643,0,4707355,0.21313782746303955
07864000-1b38-11ec-a3fd-044b64c7764e,2021-09-22,230600342,0,4717094,0.23241149483584558
31f00000-1c01-11ec-94fe-7c547de8bdce,2021-09-23,231148056,0,4726946,0.23751656014456388
5c59c000-1cca-11ec-ab03-5beac3769c9f,2021-09-24,231697328,0,4735665,0.23762778260181433
86c38000-1d93-11ec-a348-d3aa3426ceac,2021-09-25,232077347,0,4741180,0.16401527081917835
b12d4000-1e5c-11ec-aec2-1a23710cc423,2021-09-26,232439247,0,4746649,0.15593939032748422
db970000-1f25-11ec-9285-dec8b91840c4,2021-09-27,232909032,0,4754271,0.20211087674019182
0600c000-1fef-11ec-bff8-90c0dbb04d2a,2021-09-28,233360421,0,4763667,0.19380484995532504
306a8000-20b8-11ec-b33b-e6925a71a5ce,2021-09-29,233851041,0,4772938,0.21024130737234142
5ad44000-2181-11ec-b935-296933018b07,2021-09-30,234340438,0,4781771,0.20927723815435142
853e0000-224a-11ec-82fc-9954a48fdedc,2021-10-01,234862666,0,4790395,0.2228501424922659
afa7c000-2313-11ec-aa3d-5a4374de61dd,2021-10-02,235219823,0,4796358,0.15207057217003575
da118000-23dc-11ec-a620-6e4605fe4ab7,2021-10-03,235534134,0,4800641,0.13362436719459653
047b4000-24a6-11ec-9547-75ad16b5f75f,2021-10-04,235968653,0,4807688,0.18448239014053056
2ee50000-256f-11ec-930a-49be76e8cbbe,2021-10-05,236391351,0,4815096,0.17913311561769182
594ec000-2638-11ec-a060-1f9269ba2bd0,2021-10-06,236898796,0,4824263,0.21466309907421272
83b88000-2701-11ec-898a-9a1b02641d6e,2021-10-07,237360236,0,4833182,0.19478359864690914
ae224000-27ca-11ec-b14e-6e77bfd8b222,2021-10-08,237836322,0,4840732,0.2005752977090906
d88c0000-2893-11ec-8562-a98fc12ebb47,2021-10-09,238183753,0,4845634,0.14607987420861646
02f5c000-295d-11ec-8bed-6ad63840782b,2021-10-10,238506140,0,4850329,0.13535222110636572
2d5f8000-2a26-11ec-a7b7-038565f480ab,2021-10-11,238880802,0,4856064,0.15708694124184813
57c94000-2aef-11ec-9c51-37c0516a3b93,2021-10-12,239319201,0,4864132,0.18352207307140572
82330000-2bb8-11ec-b80c-058fcdeb2ef6,2021-10-13,239776316,0,4873048,0.1910064040369247
ac9cc000-2c81-11ec-bef2-f159a913842f,2021-10-14,240229852,0,4881003,0.1891496239353348
d7068000-2d4a-11ec-93a2-a9567f5480f5,2021-10-15,240688651,0,4888198,0.19098334207024364
01704000-2e14-11ec-ab03-ab8165517d19,2021-10-16,241039445,0,4893557,0.14574596622754762
2bda0000-2edd-11ec-b6bd-97af6513c211,2021-10-17,241359592,0,4897845,0.13281934000470338
5643c000-2fa6-11ec-a851-2144fec0db3c,2021-10-18,241769765,0,4904250,0.16994269695318345
80ad8000-306f-11ec-8257-9d4951cf0bec,2021-10-19,242201982,0,4912482,0.17877214712931538
ab174000-3138-11ec-87c9-37ad9c35271b,2021-10-20,242678202,0,4921159,0.1966210169163686
d5810000-3201-11ec-b344-db20b5ec445f,2021-10-21,243140623,0,4928821,0.19054904651057206
ffeac000-32ca-11ec-adee-a335beb08b05,2021-10-22,243633498,0,4937006,0.2027119096425117
2a548000-3394-11ec-be4e-9bb588b19db4,2021-10-23,244017010,0,4942892,0.1574134932791549
54be4000-345d-11ec-9e4a-8c17f930b306,2021-10-24,244337844,0,4947423,0.13148017836953252
7f280000-3526-11ec-9cff-fec01f82d511,2021-10-25,244764051,0,4954116,0.1744334782621721
a991c000-35ef-11ec-b4c2-ba02c35c6a28,2021-10-26,245190193,0,4961902,0.17410318151663537
d3fb8000-36b8-11ec-9ec1-e78cda4fcf03,2021-10-27,245704870,0,4971047,0.2099092927423896
fe654000-3781-11ec-ac8d-70568762b2b1,2021-10-28,246188053,0,4979941,0.19665177983651688
28cf0000-384b-11ec-a4c1-d2bbbca96c5e,2021-10-29,246684172,0,4987742,0.20152033941305839
5338c000-3914-11ec-a820-7d1cdcc0e88d,2021-10-30,247078252,0,4993808,0.15975082503469254
7da28000-39dd-11ec-a0c9-0a680641de7d,2021-10-31,247441791,0,4998323,0.14713516752579262
a80c4000-3aa6-11ec-b300-f0b7034c218f,2021-11-01,247862939,0,5004550,0.17020083725468993
d2760000-3b6f-11ec-9f72-40c35c48a500,2021-11-02,248267015,0,5011705,0.16302396866197089
fcdfc000-3c38-11ec-89ed-feb6620196a5,2021-11-03,248791446,0,5020142,0.21123667999150028
27498000-3d02-11ec-9e63-8fea024e84a7,2021-11-04,249311355,0,5027749,0.2089738246064939
51b34000-3dcb-11ec-b258-0d5da6d5d6e0,2021-11-05,249835638,0,5036379,0.21029246742491933
7c1d0000-3e94-11ec-8664-f9f836d67c49,2021-11-06,250273075,0,5043130,0.1750899125128017
a686c000-3f5d-11ec-b95b-a2c80ad50285,2021-11-07,250633834,0,5047630,0.14414614916127114
d0f08000-4026-11ec-9a39-96bd20787977,2021-11-08,251104863,0,5054205,0.18793512132124987
fb5a4000-40ef-11ec-bb76-47b864d69b31,2021-11-09,251572196,0,5062306,0.18611069272680714
25c40000-41b9-11ec-bc77-0589952d2b18,2021-11-10,252149324,0,5070583,0.2294084994988874
502dc000-4282-11ec-a0e2-8478e14e8b79,2021-11-11,252670145,0,5078264,0.20655260610573756
7a978000-434b-11ec-8ec0-a7c5826d7732,2021-11-12,253268010,0,5087293,0.23661877425209854
a5014000-4414-11ec-842f-577dbb7c0d35,2021-11-13,253709049,0,5093750,0.17413924482606388
cf6b0000-44dd-11ec-863b-498815e06b94,2021-11-14,254087547,0,5098387,0.14918584949644426
f9d4c000-45a6-11ec-9f2d-b66482fe5a5a,2021-11-15,254614006,0,5105091,0.2071959079521516
243e8000-4670-11ec-accf-9cc772e461d9,2021-11-16,255119474,0,5112782,0.19852325013102382
4ea84000-4739-11ec-85e0-54a1467a5bc5,2021-11-17,255738287,0,5121983,0.24255812004378782
79120000-4802-11ec-bf9b-909bebeb4df4,2021-11-18,256359795,0,5130367,0.24302501095582923
a37bc000-48cb-11ec-a215-716149656dd5,2021-11-19,256975937,0,5138374,0.24034267931911865
cde58000-4994-11ec-81f4-84bf4d5ab139,2021-11-20,257476267,0,5144616,0.19469916360301082
f84f4000-4a5d-11ec-850f-d6e9c2f6d659,2021-11-21,257896926,0,5149188,0.163377776484541
22b90000-4b27-11ec-a1b1-70733b01a53b,2021-11-22,258498491,0,5156226,0.23325791793268602
4d22c000-4bf0-11ec-88bc-901005a83715,2021-11-23,259088786,0,5164266,0.22835529821332692
778c8000-4cb9-11ec-a690-bcc517fcfa41,2021-11-24,259749821,0,5172889,0.25513840649205094
a1f64000-4d82-11ec-8087-7afc90076da4,2021-11-25,260348236,0,5180720,0.23038129446872652
cc600000-4e4b-11ec-af48-20991f1ce0e1,2021-11-26,260958536,0,5187603,0.23441679858357098
f6c9c000-4f14-11ec-bdaf-ab7053004dcf,2021-11-27,261442001,0,5193759,0.185265064485187
21338000-4fde-11ec-adba-bc7282875db2,2021-11-28,261872471,0,5198598,0.16465219756331348
4b9d4000-50a7-11ec-af23-8be339da44d8,2021-11-29,262503351,0,5206035,0.24091115709524125
76070000-5170-11ec-a4de-1a23bbac9ed1,2021-11-30,263103570,0,5214076,0.2286519382375427
a070c000-5239-11ec-b75b-29823c7e89a1,2021-12-01,263808393,0,5223401,0.26788804119989706
cada8000-5302-11ec-9a99-d2116f0b77bf,2021-12-02,264514416,0,5233564,0.2676271941052308
f5444000-53cb-11ec-bbdd-0d7242d4a870,2021-12-03,265243812,0,5242115,0.27574905407045947
1fae0000-5495-11ec-b754-3fdd5d8cf0ae,2021-12-04,265779007,0,5247925,0.20177473546489372
4a17c000-555e-11ec-bd0a-54ed085bf0ee,2021-12-05,266238363,0,5255326,0.17283381602821626
74818000-5627-11ec-9401-a55828e1887b,2021-12-06,266837354,0,5262171,0.22498297888047034
9eeb4000-56f0-11ec-8154-c2aceac66a77,2021-12-07,267477689,0,5270013,0.2399720243066119
c9550000-57b9-11ec-b8fc-c02b3b599f7d,2021-12-08,268190740,0,5278327,0.26658335604208094
f3bec000-5882-11ec-81c4-9050c65cec4d,2021-12-09,268888034,0,5286892,0.2599992826001375
1e288000-594c-11ec-897e-8fca515efc54,2021-12-10,269581599,0,5294954,0.2579382167672065
48924000-5a15-11ec-9266-42c9a3076123,2021-12-11,270102238,0,5301315,0.19312853767886434
72fc0000-5ade-11ec-95e0-51ed1035f78b,2021-12-12,270557955,0,5305892,0.16872018661318902
9d65c000-5ba7-11ec-94f0-1012cd74c246,2021-12-13,271168627,0,5312131,0.22570838843012395
c7cf8000-5c70-11ec-8b8d-18c6d1cadba1,2021-12-14,271806819,0,5319931,0.23534875957460966
f2394000-5d39-11ec-be27-2e4797185e86,2021-12-15,272546235,0,5329015,0.2720373251562905
1ca30000-5e03-11ec-86c6-698e56fc41a7,2021-12-16,273288914,0,5336420,0.27249651788438756
470cc000-5ecc-11ec-8dc8-f02c902f9fda,2021-12-17,274056452,0,5343698,0.2808522265926967
71768000-5f95-11ec-92bf-2bcbc720c62e,2021-12-18,274626704,0,5349753,0.20807829767861113
9be04000-605e-11ec-b630-4de167ad1b26,2021-12-19,275139094,0,5354168,0.18657690331527263
c64a0000-6127-11ec-976a-4fa4886c05c7,2021-12-20,275875635,0,5360781,0.26769769039073743
f0b3c000-61f0-11ec-9a9d-51712ce03850,2021-12-21,276632039,0,5368447,0.2741829665385274
1b1d8000-62ba-11ec-90c8-408ce730342e,2021-12-22,277542581,0,5378823,0.32915276310420427
45874000-6383-11ec-a66a-75f332d4db37,2021-12-23,278549328,0,5386072,0.362736051661925
6ff10000-644c-11ec-bae4-7abef6f4ac1b,2021-12-24,279441137,0,5392175,0.3201619642751391
9a5ac000-6515-11ec-bbca-fddb06e1aeab,2021-12-25,280143261,0,5396516,0.2512600712757621
c4c48000-65de-11ec-b3e3-ec3c4bedb5c5,2021-12-26,280723328,0,5400289,0.2070608437730722
ef2e4000-66a7-11ec-8d86-22ec81997c53,2021-12-27,281991534,0,5406610,0.4517636667516281
19980000-6771-11ec-b12c-1c6f140095aa,2021-12-28,283318084,0,5414187,0.47042192408513933
4401c000-683a-11ec-a88e-fd36096a1500,2021-12-29,285014489,0,5422062,0.5987634026213449
6e6b8000-6903-11ec-b7a4-73ddacef1b4d,2021-12-30,286956973,0,5429648,0.6815386848631404
98d54000-69cc-11ec-a8b9-109ab4011606,2021-12-31,288702918,0,5436385,0.6084344219786567
c33f0000-6a95-11ec-8642-8ff5f141f965,2022-01-01,289928499,0,5440821,0.4245128551142666
eda8c000-6b5e-11ec-81f9-b80b0fc9efdd,2022-01-02,290848465,0,5444100,0.3173078890737126
18128000-6c28-11ec-b01f-fadef9e78d16,2022-01-03,293207625,0,5449830,0.811130290819998
427c4000-6cf1-11ec-b36c-a87baa94795d,2022-01-04,295707620,0,5457794,0.8526364210344121
6ce60000-6dba-11ec-aef4-f95c845210a8,2022-01-05,298281697,0,5465721,0.870480442810368
974fc000-6e83-11ec-b2a5-1714b54428b6,2022-01-06,300939650,0,5473352,0.8910881984153389
c1b98000-6f4c-11ec-b4ee-360b0a9f96b1,2022-01-07,303883455,0,5480605,0.9782044340119357
ec234000-7015-11ec-a185-076b69968f0b,2022-01-08,306062481,0,5486154,0.7170597688511867
168d0000-70df-11ec-af86-429fac13fa6f,2022-01-09,308098481,0,5490156,0.6652236475858666
40f6c000-71a8-11ec-b88e-ac200caa2210,2022-01-10,311286657,0,5496572,1.0347912101520553
6b608000-7271-11ec-aa11-c1f9cb75cd00,2022-01-11,314318499,0,5505829,0.9739710751559775
95ca4000-733a-11ec-ae04-22879828e94c,2022-01-12,317771465,0,5515029,1.0985564040887075
c0340000-7403-11ec-a7ce-aa0f2de4a3e4,2022-01-13,320953420,0,5523359,1.0013344023825426
ea9dc000-74cc-11ec-a148-84365056ad85,2022-01-14,324269276,0,5531354,1.0331268630818764
15078000-7596-11ec-a7d0-e1caa6edfa75,2022-01-15,326766141,0,5537758,0.7699974017889996
3f714000-765f-11ec-9aa4-14a2fd1bbeed,2022-01-16,328944049,0,5542128,0.6665035714333695
69db0000-7728-11ec-99fb-58dc7f5b1fed,2022-01-17,331605207,0,5548217,0.8090001956533344
9444c000-77f1-11ec-9398-ffb26ab50622,2022-01-18,335365768,0,5557505,1.134047632732136
beae8000-78ba-11ec-a461-91634a2d81aa,2022-01-19,339454794,0,5567559,1.2192735186973525
e9184000-7983-11ec-8bff-f0c2d10b1dd2,2022-01-20,343160300,0,5577247,1.0916051461037843
13820000-7a4d-11ec-b4ab-cd0674d70e22,2022-01-21,346995996,0,5587202,1.1177563371986796
3debc000-7b16-11ec-985f-92cd3248da9b,2022-01-22,349785095,0,5593449,0.8037842027433654
68558000-7bdf-11ec-a6fb-cd6c9da1340a,2022-01-23,352241709,0,5598467,0.7023209493817911
92bf4000-7ca8-11ec-bdcf-e50009500659,2022-01-24,355664142,0,5606968,0.971614920253524
bd290000-7d71-11ec-a296-97c0ed31bb7c,2022-01-25,359315173,0,5617692,1.0265389643918617
e792c000-7e3a-11ec-aefc-2ba244a47d3e,2022-01-26,362977513,0,5628287,1.0192555937513943
11fc8000-7f04-11ec-a851-46c4ef0355fa,2022-01-27,366733894,0,5638821,1.0348798108603494
3c664000-7fcd-11ec-875e-9adca6fbdd45,2022-01-28,370353940,0,5651060,0.9871042898478318
66d00000-8096-11ec-b720-2980aca77c37,2022-01-29,373094973,0,5659104,0.7401117428371357
9139c000-815f-11ec-92fd-d2bf649fcdcf,2022-01-30,375411593,0,5664764,0.6209196498608411
bba38000-8228-11ec-a745-79da46b131be,2022-01-31,378898305,0,5674484,0.9287704655407378
e60d4000-82f1-11ec-a913-6bdd9a5ed4c8,2022-02-01,382058803,0,5688480,0.8341283025797649
10770000-83bb-11ec-bd0c-cdbe13f1f6ac,2022-02-02,385247362,0,5700656,0.8345728393019124
3ae0c000-8484-11ec-8253-6df1ba25198b,2022-02-03,388420043,0,5712365,0.8235438611517345
654a8000-854d-11ec-a076-584269ec43bc,2022-02-04,391364751,0,5725509,0.7581246264369524
8fb44000-8616-11ec-aecd-300e3a630c9e,2022-02-05,393664575,0,5733888,0.5876420894123906
ba1e0000-86df-11ec-800f-3973613604fc,2022-02-06,395536584,0,5739758,0.4755340253818876
e487c000-87a8-11ec-8f8b-3f051be7f7a4,2022-02-07,398132675,0,5750605,0.656346620013283
0ef18000-8872-11ec-9af5-6b926750e745,2022-02-08,400757381,0,5763661,0.6592541041751974
395b4000-893b-11ec-8d03-fe783d2ffaee,2022-02-09,403196058,0,5776954,0.60851705186685
63c50000-8a04-11ec-8850-7c93b71a4809,2022-02-10,405975896,0,5788716,0.6894506890243456
8e2ec000-8acd-11ec-912b-1b0fcf6bcb7b,2022-02-11,408397574,0,5800898,0.5965078281396293
b8988000-8b96-11ec-9aac-0734da2565e7,2022-02-12,410316973,0,5809724,0.46998295832188264
e3024000-8c5f-11ec-bc10-35515a7f30e0,2022-02-13,411834455,0,5814923,0.3698316423288685
0d6c0000-8d29-11ec-9934-44069a0e92cf,2022-02-14,413533932,0,5825785,0.4126602277606909
37d5c000-8df2-11ec-9552-ec4cbb093b65,2022-02-15,415413492,0,5836502,0.45451167475175897
623f8000-8ebb-11ec-af01-817d2ba80ac1,2022-02-16,417650987,0,5849486,0.5386187601244304
8ca94000-8f84-11ec-8321-585cfd738f54,2022-02-17,419707976,0,5861869,0.49251386062209884
b7130000-904d-11ec-84bd-c2b0f7491ff1,2022-02-18,421687213,0,5872514,0.47157478846673145
e17cc000-9116-11ec-874d-641c2a149d2d,2022-02-19,423315769,0,5881022,0.38619999606201005
0be68000-91e0-11ec-b209-760b7b8d82ca,2022-02-20,424641031,0,5886415,0.3130670050706285
36504000-92a9-11ec-bf7d-0915d1930e41,2022-02-21,426036968,0,5893583,0.32873342378447645
60ba0000-9372-11ec-9f80-732b34cbb22c,2022-02-22,427749047,0,5903733,0.401861605587241
8b23c000-943b-11ec-bdc1-7ab7bdf9bef5,2022-02-23,429676087,0,5915748,0.45050714046359996
b58d8000-9504-11ec-80e1-55207b8e0d3b,2022-02-24,431444205,0,5926525,0.4115002099244122
dff74000-95cd-11ec-9376-d706607a7789,2022-02-25,433081005,0,5935378,0.3793769810861175
0a610000-9697-11ec-9eff-f5cad3ad9094,2022-02-26,434510151,0,5941897,0.32999507794159666
34cac000-9760-11ec-a9da-cb14deb4e2cd,2022-02-27,435657010,0,5946387,0.263942970575157
5f348000-9829-11ec-9760-d1fad8e860b4,2022-02-28,437015803,0,5954001,0.3118951305294043
899e4000-98f2-11ec-9002-468821c9379a,2022-03-01,438639552,0,5962176,0.3715538405827397
b4080000-99bb-11ec-82e6-d6e1dd3e654a,2022-03-02,440300042,0,5970165,0.37855455405900107
de71c000-9a84-11ec-8a91-0339f0515216,2022-03-03,442056325,0,5978342,0.3988832233633991
08db8000-9b4e-11ec-a623-8273acdbf8be,2022-03-04,443810172,0,5986924,0.39674740543526893
33454000-9c17-11ec-a5fa-aeee3a555342,2022-03-05,445279837,0,5992605,0.3311472094875734
5daf0000-9ce0-11ec-8854-1be1da8c9bff,2022-03-06,446492187,0,5996677,0.27226698791663456
8818c000-9da9-11ec-8d0c-b58eb5d3f74c,2022-03-07,447915024,0,6004209,0.3186700778708139
b2828000-9e72-11ec-9727-711593523136,2022-03-08,449665818,0,6011475,0.39087637301489575
dcec4000-9f3b-11ec-82d2-360beee092de,2022-03-09,451505161,0,6019271,0.4090466578449154
07560000-a005-11ec-a7b7-4abd87c10fdd,2022-03-10,453366072,0,6026792,0.4121571934811173
31bfc000-a0ce-11ec-bebf-b9b4f58ff373,2022-03-11,455216502,0,6033268,0.4081536123417722
5c298000-a197-11ec-a43e-88fbd51cb563,2022-03-12,456964861,0,6037979,0.3840719728565552
86934000-a260-11ec-af57-55528f4679b4,2022-03-13,458246184,0,6041327,0.2803985840828142
b0fd0000-a329-11ec-86f9-5c8ce61bd745,2022-03-14,459875566,0,6046593,0.355569136610639
db66c000-a3f2-11ec-83e6-544972e69f58,2022-03-15,461678072,0,6051908,0.39195515771324974
05d08000-a4bc-11ec-9a6f-8a06831f2a0a,2022-03-16,463901519,0,6058692,0.4816011707829173
303a4000-a585-11ec-b365-cc9f28032ae9,2022-03-17,465954428,0,6065766,0.4425312088706483
5aa40000-a64e-11ec-ac0a-def0a3428331,2022-03-18,467868149,0,6071185,0.41070990745043423
850dc000-a717-11ec-9b4d-0b63078bf8fa,2022-03-19,469577252,0,6075019,0.36529586458342134
af778000-a7e0-11ec-8588-ed47e36202c7,2022-03-20,470647389,0,6078084,0.22789370554943322
d9e14000-a8a9-11ec-ab5d-ff2b38ea5c99,2022-03-21,472118029,0,6094399,0.3124717217968036
044b0000-a973-11ec-bd3c-cf0d381b5933,2022-03-22,474093465,0,6099303,0.4184199455767871
2eb4c000-aa3c-11ec-80d6-a5f6e2bbfbfa,2022-03-23,475866103,0,6105144,0.3739005345707518
591e8000-ab05-11ec-9756-aec62c007f16,2022-03-24,477617482,0,6110404,0.3680402930485679
83884000-abce-11ec-8fa4-3a0f8d3da2a9,2022-03-25,479458583,0,6119371,0.3854760492204931
adf20000-ac97-11ec-9a32-952e701fe9ed,2022-03-26,480815100,0,6122298,0.28292683624770987
d85bc000-ad60-11ec-bc72-ed7ac76f0b65,2022-03-27,481727049,0,6124662,0.18966729622260198
02c58000-ae2a-11ec-ba58-f1d2a3d57f4f,2022-03-28,483219734,0,6128734,0.3098611554195704
2d2f4000-aef3-11ec-ab08-32d811e836c4,2022-03-29,484968478,0,6133504,0.36189416055595114
57990000-afbc-11ec-bdf1-2d738a59c156,2022-03-30,486560758,0,6138489,0.3283264938303887
8202c000-b085-11ec-b6e4-66f45777aedd,2022-03-31,488406809,0,6143294,0.3794081149470751
ac6c8000-b14e-11ec-99f9-ae7225bb2a01,2022-04-01,489571518,0,6147833,0.23847108159378672
d6d64000-b217-11ec-a5ef-4c45814f8bd8,2022-04-02,490616434,0,6150482,0.21343480198127046
01400000-b2e1-11ec-ac85-aa93aa92d05f,2022-04-03,491405149,0,6152101,0.16076000421950806
2ba9c000-b3aa-11ec-9f3d-474cfc0d9a76,2022-04-04,492310289,0,6155027,0.18419424416735203
56138000-b473-11ec-8cba-3a902c0bb580,2022-04-05,493669057,0,6159243,0.2759982942383721
807d4000-b53c-11ec-a04d-60252029064b,2022-04-06,495122641,0,6166840,0.2944450293954721
aae70000-b605-11ec-9d5b-5894584391bd,2022-04-07,496338419,0,6170907,0.24555087958500368
d550c000-b6ce-11ec-bd3f-ca4f92ac858f,2022-04-08,497531675,0,6175012,0.24041177437042205
ffba8000-b797-11ec-b66c-3f9ecc2590f3,2022-04-09,498299996,0,6177309,0.15442654982720447
2a244000-b861-11ec-ada2-15c53984c934,2022-04-10,498868313,0,6178789,0.11405117490709352
548e0000-b92a-11ec-85f7-d343e6e73f6a,2022-04-11,499843502,0,6181737,0.19548024490382895
7ef7c000-b9f3-11ec-afe7-20f4d408dda3,2022-04-12,500880363,0,6185040,0.2074371269909997
a9618000-babc-11ec-bc36-90e9617d4f3a,2022-04-13,501920234,0,6189593,0.20760865803796744
d3cb4000-bb85-11ec-b3e3-e9af9be8d7fb,2022-04-14,502892186,0,6193401,0.19364670602221626
fe350000-bc4e-11ec-a73f-7f1ce0e17fac,2022-04-15,503606396,0,6195647,0.1420205005929442
289ec000-bd18-11ec-8a51-6924fdbf10c0,2022-04-16,504155459,0,6197159,0.10902621657728111
